Body,Affiliation_1,Activity_1,Affiliation_2,Activity_2,Affiliation_3,Activity_3,Affiliation_4,Activity_4,Affiliation_5,Activity_5,Affiliation_6,Activity_6,Affiliation_7,Activity_7,Affiliation_8,Activity_8,Affiliation_9,Activity_9,Affiliation_10,Activity_10,Affiliation_11,Activity_11,Affiliation_12,Activity_12,Affiliation_13,Activity_13,Affiliation_14,Activity_14,Affiliation_15,Activity_15,Affiliation_16,Activity_16,Affiliation_17,Activity_17,Affiliation_18,Activity_18,Affiliation_19,Activity_19,Affiliation_20,Activity_20,Affiliation_21,Activity_21,Affiliation_22,Activity_22,Affiliation_23,Activity_23,Affiliation_24,Activity_24,Affiliation_25,Activity_25,Affiliation_26,Activity_26,Affiliation_27,Activity_27,Affiliation_28,Activity_28,Affiliation_29,Activity_29,Affiliation_30,Activity_30,Affiliation_30,Activity_30,Affiliation_31,Activity_31,Affiliation_32,Activity_32,Affiliation_33,Activity_33,Affiliation_34,Activity_34,Affiliation_35,Activity_35,Affiliation_36,Activity_36,Affiliation_37,Activity_37,Affiliation_38,Activity_38,Affiliation_39,Activity_39,Affiliation_39,Activity_39,Affiliation_40,Activity_40,Affiliation_41,Activity_41,Affiliation_42,Activity_42,Affiliation_43,Activity_43,Affiliation_44,Activity_44,Affiliation_45,Activity_45
Bill and Melinda Gates Foundation,CEPI,Funding,GloPiD-R,Funding,ESSENCE,Capcity Building,,,,,Afircan meningococcal carriage Consortium,Epidemiology,,,,,,,,,ISARIC,Information_Sharing,,,,,,,,,,,,,,,,,,,,,,,,,,,AESA,Capacity Building,PERISCOPE,Vaccine development,,,,,,,,,,,,,,,,,,,,,,,,,,,,,VMI,Vaccine modelling,,,,,,,,,,,,
Wellcome Trust,CEPI,Funding,GloPiD-R,Funding,ESSENCE,Capcity Building,,,,,Afircan meningococcal carriage Consortium,Epidemiology,,,,,,,,,ISARIC,Information_Sharing,,,,,SEAICRN,Capacity Building,,,,,,,,,,,,,,,H3Africa,Capacity Building,,,THRiVE,Capacity Building,AESA,Capacity Building,,,,,,,,,,,,,,,,,,,,,,,,,,,,,,,,,,,,,,,,,,,Team B,Information_Sharing
Norwegian Institute of Public Health,CEPI,Funding,,,,,,,,,Afircan meningococcal carriage Consortium,Epidemiology,,,,,,,,,,,,,,,,,,,,,,,,,,,,,,,,,,,,,,,,,,,,,,,CONSISE,Information_Sharing,,,,,,,,,,,,,,,,,,,,,,,,,,,,,,,,,,
Government of India,CEPI,Funding,,,,,,,,,,,,,,,,,,,,,,,,,,,,,,,,,,,,,,,,,,,,,,,,,,,,,,,,,,,,,,,,,,,,,,,,,,,,,,,,,,,,,,,,,,,,
Academy of Scientific Research & Technology,,,GloPiD-R,Funding,,,,,,,,,,,,,,,,,,,,,,,,,,,,,,,,,,,,,,,,,,,,,,,,,,,,,,,,,,,,,,,,,,,,,,,,,,,,,,,,,,,,,,,,,,
African Academy of Sciences,,,GloPiD-R,Funding,,,,,,,,,,,,,,,,,,,,,,,,,,,,,,,,,,,,,,,,,,,,,AESA,Capacity Building,,,,,,,,,,,,,,,,,,,,,,,,,,,,,,,,,,,,,,,,,,,,
Butantan Institute,,,GloPiD-R,Funding,,,,,,,,,,,,,,,,,,,,,,,,,,,,,,,,,,,,,,,,,,,,,,,,,,,,,ZikaPLAN,Epidemiology,,,,,,,,,,,,,,,,,,,,,,,,,,,,,,,,,,,,
Canadian Institutes of Health Research,,,GloPiD-R,Funding,ESSENCE,Capcity Building,,,,,,,,,,,,,,,,,,,,,,,,,,,,,,,,,,,,,,,,,,,,,,,,,,,,,,,,,,,,,,,,,,,,,,,,,,,,,,,,,,,,,,,,
Department of Health and Human Services,,,GloPiD-R,Funding,ESSENCE,Capcity Building,,,EDCTP,Clinical Trials,Afircan meningococcal carriage Consortium,Epidemiology,COHRED,Capcity Building,,,EACCR,Capacity Building,NIH Tropical Research Centres,Capacity Building,,,,,REDMEI,Capacity Building,SEAICRN,Capacity Building,,,,,,,,,,,Zika Task Force,Epidemiology,,,H3Africa,Capacity Building,,,,,,,,,,,,,,,CONSISE,Information_Sharing,,,,,,,,,,,,,,,,,,,,,VMI,Vaccine modelling,,,,,,,,,ICEMR,Clinical Trials,,
European Commission - Research and Innovation,,,GloPiD-R,Funding,ESSENCE,Capcity Building,,,EDCTP,Clinical Trials,,,COHRED,Capcity Building,,,EACCR,Capacity Building,,,,,PREPARE,Clinical Trials,,,,,,,,,EMERGE,Laboratory Methods,,,EMLab,Laboratory Methods,,,,,,,,,,,,,PERISCOPE,Vaccine development,COMPARE,Information_Sharing,ZIKAlliance,Epidemiology,ZikaPLAN,Epidemiology,,,,,,,ZIKAVAX,Vaccine development,,,,,,,,,,,CDPRG,Clinical Trials,EBOVAC,Clinical Trials,,,,,AfriCoLeish,Drug Development,,,,,,,,
Fiocruz Institute,,,GloPiD-R,Funding,ESSENCE,Capcity Building,,,,,,,,,GABRIEL,Laboratory Methods,,,,,,,,,,,,,,,,,,,,,,,,,,,,,,,,,,,,,,,ZIKAlliance,Epidemiology,ZikaPLAN,Epidemiology,,,MERG,Epidemiology,,,,,,,,,,,,,,,,,,,,,FACT,Drug Development,,,,,,,,,,
German Federal Ministry of Education_and Research,,,GloPiD-R,Funding,,,,,,,,,,,,,,,,,,,,,,,,,,,,,,,,,,,,,,,,,,,,,,,,,,,,,,,,,,,,,,,,,,,,,,,,,,,,,,,,,,,,,,,,,,
Indian Council of Medical Research,,,GloPiD-R,Funding,,,,,,,,,,,,,,,,,,,,,,,,,,,,,,,,,,,,,,,,,,,,,,,,,,,,,,,,,,,,,,,,,,,,,,,,,,,,,,,,,,,,,,,,,,
Institut national de la santé et de la recherche médicale,,,GloPiD-R,Funding,,,,,EDCTP,Clinical Trials,,,,,,,,,,,ISARIC,Information_Sharing,,,,,,,,,,,EMERGE,Laboratory Methods,EVAg,Information_Sharing,EMLab,Laboratory Methods,,,,,,,,,,,,,,,,,ZIKAlliance,Epidemiology,,,,,,,,,,,,,,,,,,,,,,,EBOVAC,Clinical Trials,,,,,,,,,,,,,,
International Development Research Centre,,,GloPiD-R,Funding,ESSENCE,Capcity Building,,,,,,,COHRED,Capcity Building,,,,,,,,,,,,,,,,,,,,,,,,,,,,,,,,,,,,,,,,,,,,,,,,,,,,,,,,,,,,,APEIR,Clinical Trials,,,,,,,,,,,,,,,,,,
Japan Agency for Medical Research and Development,,,GloPiD-R,Funding,,,,,,,,,,,,,,,,,,,,,,,,,,,,,,,,,,,,,,,,,,,,,,,,,,,,,,,,,,,,,,,,,,,,,,,,,,,,,,,,,,,,,,,,,,
UK Medical Research Council,,,GloPiD-R,Funding,,,,,EDCTP,Clinical Trials,,,,,,,,,,,ISARIC,Information_Sharing,,,,,,,,,,,,,,,,,,,,,,,,,,,,,,,,,,,,,,,MERG,Epidemiology,,,,,,,,,,,,,,,,,,,,,,,,,,,,,,,,
Ministry of Health of Italy,,,GloPiD-R,Funding,,,,,,,,,,,,,,,,,,,,,,,,,,,,,,,,,,,,,,,,,,,,,,,,,,,,,,,,,,,,,,,,,,,,,,,,,,,,,,,,,,,,,,,,,,
"Ministry of Science, Technology and Productive Innovation_of Argentina",,,GloPiD-R,Funding,,,,,,,,,,,,,,,,,,,,,,,,,,,,,,,,,,,,,,,,,,,,,,,,,,,,,,,,,,,,,,,,,,,,,,,,,,,,,,,,,,,,,,,,,,
National Council of Science and Technology of Mexico,,,GloPiD-R,Funding,,,,,,,,,,,,,,,,,,,,,,,,,,,,,,,,,,,,,,,,,,,,,,,,,,,,,,,,,,,,,,,,,,,,,,,,,,,,,,,,,,,,,,,,,,
National Health and Medical Research Council,,,GloPiD-R,Funding,,,,,,,,,,,,,,,,,,,,,,,,,,,,,,,,,,,,,,,,,,,,,,,,,,,,,,,,,,,,,,,,,,,,,,,,,,,,,,,,,,,,,,,,,,
National Institute of Health Carlos III,,,GloPiD-R,Funding,ESSENCE,Capcity Building,,,EDCTP,Clinical Trials,,,,,,,,,,,,,,,,,,,,,,,EMERGE,Laboratory Methods,,,,,,,,,,,,,,,,,,,,,,,,,,,,,,,,,,,,,,,,,,,,,,,,,,,,,,,,,,,,
"National Institute of Health, Department of Medical Sciences of Thailand",,,GloPiD-R,Funding,,,,,,,,,,,,,,,,,,,,,,,,,,,,,,,,,,,,,,,,,,,,,,,,,,,,,,,,,,,,,,,,,,,,,,,,,,,,,,,,,,,,,,,,,,
National Research Foundation_of Korea,,,GloPiD-R,Funding,,,,,,,,,,,,,,,,,,,,,,,,,,,,,,,,,,,,,,,,,,,,,,,,,,,,,,,,,,,,,,,,,,,,,,,,,,,,,,,,,,,,,,,,,,
Research Council of Norway,,,GloPiD-R,Funding,,,,,EDCTP,Clinical Trials,,,,,,,,,,,,,,,,,,,,,,,,,,,,,,,,,,,,,,,,,,,,,,,,,,,,,,,,,,,,,,,,,,,,,,,,,,,,,,,,,,,,
Sao Paulo Research Foundation,,,GloPiD-R,Funding,,,,,,,,,,,,,,,,,,,,,,,,,,,,,,,,,,,,,,,,,,,,,,,,,,,,,,,,,,,,,,,,,,,,,,,,,,,,,,,,,,,,,,,,,,
South African Medical Research Council,,,GloPiD-R,Funding,ESSENCE,Capcity Building,,,,,,,,,,,,,,,,,,,,,,,,,,,,,,,,,,,,,,,,,,,,,,,,,,,,,,,,,,,,,,,,,,,,,,,,,,,,,,,,,,,,,,,,
African Development Bank,,,,,ESSENCE,Capcity Building,,,,,,,,,,,,,,,,,,,,,,,,,,,,,,,,,,,,,,,,,,,,,,,,,,,,,,,,,,,,,,,,,,,,,,,,,,,,,,,,,,,,,,,,
Austrian Development Agency,,,,,ESSENCE,Capcity Building,,,,,,,,,,,,,,,,,,,,,,,,,,,,,,,,,,,,,,,,,,,,,,,,,,,,,,,,,,,,,,,,,,,,,,,,,,,,,,,,,,,,,,,,
Carnegie Corporation_of New York,,,,,ESSENCE,Capcity Building,,,,,,,,,,,,,,,,,,,,,,,,,,,,,,,,,,,,,,,,,,,,,,,,,,,,,,,,,,,,,,,,,,,,,,,,,,,VMI,Vaccine modelling,,,,,,,,,,,,
Doris Duke Charitable Foundation,,,,,ESSENCE,Capcity Building,,,,,,,COHRED,Capcity Building,,,,,,,,,,,,,,,,,,,,,,,,,,,,,,,,,,,,,,,,,,,,,,,,,,,,,,,,,,,,,,,,,,,,,,,,,,,,,,,,
European and Developing Countries Clinical Trials Partnership,,,,,ESSENCE,Capcity Building,,,,,,,COHRED,Capcity Building,,,,,,,,,,,,,,,,,,,,,,,,,,,,,,,,,,,,,,,,,,,,,,,,,,,,,,,,,,,,,,,,,,,,,,,,,,,,,,,,
Federal Ministry for Economic Cooperation_and Development of Germany,,,,,ESSENCE,Capcity Building,,,,,,,,,,,,,,,,,,,,,,,,,,,,,,,,,,,,,,,,,,,,,,,,,,,,,,,,,,,,,,,,,,,,,,,,,,,,,,,,,,,,,,,,
Fogarty International Center,,,,,ESSENCE,Capcity Building,,,,,,,,,,,,,,,,,,,,,,,,,,,,,,,,,,,,,,,,,,,,,,,,,,,,,,,,,,,,,,,,,,,,,,,,,,,,,,,,,,,,,,,,
US National Institute of Health,,,,,ESSENCE,Capcity Building,,,,,,,COHRED,Capcity Building,,,,,NIH Tropical Research Centres,Capacity Building,,,,,REDMEI,Capacity Building,SEAICRN,Capacity Building,,,,,,,,,,,Zika Task Force,Epidemiology,,,H3Africa,Capacity Building,,,,,,,,,,,,,,,,,,,,,,,,,,,,,,,,,,,,,VMI,Vaccine modelling,,,,,,,,,ICEMR,Clinical Trials,,
Fondation_Mérieux,,,,,ESSENCE,Capcity Building,,,,,,,,,,,,,,,,,PREPARE,Clinical Trials,,,,,,,,,,,EVAg,Information_Sharing,,,,,,,,,,,,,,,,,COMPARE,Information_Sharing,,,,,,,,,,,,,,,,,,,,,,,,,,,,,,,,,,,,,,,,
Howard Hughues Medical Institute,,,,,ESSENCE,Capcity Building,,,,,,,,,,,,,,,,,,,,,,,,,,,,,,,,,,,,,,,,,,,,,,,,,,,,,,,,,,,,,,,,,,,,,,,,,,,,,,,,,,,,,,,,
Institut Pasteur,,,,,ESSENCE,Capcity Building,,,,,Afircan meningococcal carriage Consortium,Epidemiology,,,,,,,,,,,,,,,,,,,EMPERIE,Epidemiology,,,EVAg,Information_Sharing,,,Zika Task Force,Epidemiology,,,,,,,,,,,PERISCOPE,Vaccine development,,,ZIKAlliance,Epidemiology,ZikaPLAN,Epidemiology,CONSISE,Information_Sharing,,,,,ZIKAVAX,Vaccine development,,,,,,,,,,,,,,,,,,,,,,,,,,,,
Minsitry of Foreign Affairs of Denmark,,,,,ESSENCE,Capcity Building,,,,,,,,,,,,,,,,,,,,,,,,,,,,,,,,,,,,,,,,,,,,,,,,,,,,,,,,,,,,,,,,,,,,,,,,,,,,,,,,,,,,,,,,
"Ministry of Health, Labour and Welfare of Japan",,,,,ESSENCE,Capcity Building,,,,,,,,,,,,,,,,,,,,,,,,,,,,,,,,,,,,,,,,,,,,,,,,,,,,,,,,,,,,,,,,,,,,,,,,,,,,,,,,,,,,,,,,
Norwegian Agency for Development Cooperation,,,,,ESSENCE,Capcity Building,,,,,,,,,,,,,,,,,,,,,,,,,,,,,,,,,,,,,,,,,,,,,,,,,,,,,,,,,,,,,,,,,,,,,,,,,,,,,,,,,,,,,,,,
Rockefeller Foundation,,,,,ESSENCE,Capcity Building,,,,,,,,,,,,,,,,,,,,,,,,,,,,,,,,,,,,,,,,,,,,,,,,,,,,,,,,,,,,,,,,,,,,,,,CDPRG,Clinical Trials,,,,,,,,,,,,,,,,
Swedish International Development Cooperation_Agency,,,,,ESSENCE,Capcity Building,,,EDCTP,Clinical Trials,,,,,,,,,,,,,,,,,,,,,,,,,,,,,,,,,,,,,,,,,,,,,,,,,,,,,,,,,,,,,,,,,,,,,,,,,,,,,,,,,,,,
Swiss Agency for Development and Cooperation_Federal Department of Foreign Affairs,,,,,ESSENCE,Capcity Building,,,,,,,COHRED,Capcity Building,,,,,,,,,,,,,,,,,,,,,,,,,,,,,,,,,,,,,,,,,,,,,,,,,,,,,,,,,,,,,,,,,,,,,,,,,,,,,,,,
Association_of Commonwealth Universities,,,,,ESSENCE,Capcity Building,,,,,,,,,,,,,,,,,,,,,,,,,,,,,,,,,,,,,,,,,,,,,,,,,,,,,,,,,,,,,,,,,,,,,,,,,,,,,,,,,,,,,,,,
Netherlands Organisation_for Scientific Research,,,,,ESSENCE,Capcity Building,,,,,,,,,,,,,,,,,,,,,,,,,,,,,,,,,,,,,,,,,,,,,,,,,,,,,,,,,,,,,,,,,,,,,,,,,,,,,,,,,,,,,,,,
UBS Optimus Foundation,,,,,ESSENCE,Capcity Building,,,,,,,,,,,,,,,,,,,,,,,,,,,,,,,,,,,,,,,,,,,,,,,,,,,,,,,,,,,,,,,,,,,,,,,,,,,,,,,,,,,,,,,,
UK Collaborative on Development Sciences,,,,,ESSENCE,Capcity Building,,,,,,,,,,,,,,,,,,,,,,,,,,,,,,,,,,,,,,,,,,,,,,,,,,,,,,,,,,,,,,,,,,,,,,,,,,,,,,,,,,,,,,,,
UK Deparment for International Development,,,,,ESSENCE,Capcity Building,,,,,,,,,,,,,,,,,,,,,,,,,,,,,,,,,,,,,,,,,,,AESA,Capacity Building,,,,,,,,,,,,,,,,,,,,,COMDIS,Capacity Building,,,,,CDPRG,Clinical Trials,,,,,,,,,,,,,,,,
United States Agency for International Development,,,,,ESSENCE,Capcity Building,,,,,,,,,,,,,,,,,,,,,,,,,,,,,,,,,,,,,,,,,,,,,,,,,,,,,,,,,,,,,,,,,,,,,APEIR,Clinical Trials,,,,,,,,,,,PULSE,Training,GDDP,Laboratory Methods,,,,
Tulane University,,,,,,,VHF Consortium,Laboratory Methods,,,,,,,,,,,,,,,,,,,,,,,,,,,,,,,,,,,,,,,,,,,,,,,,,,,,,,,,,,,,,,,,,,,,,,,,,,,,,,,,,,,,,,
Broad Institute of Harvard,,,,,,,VHF Consortium,Laboratory Methods,,,,,,,,,,,,,,,,,,,,,,,,,,,,,,,,,,,,,,,,,,,,,,,,,,,,,,,,,,,,,,,,,,,,,,,,,,,,,,,,,,,,,,
Kenema Government Hospital,,,,,,,VHF Consortium,Laboratory Methods,,,,,,,,,,,,,,,,,,,,,,,,,,,,,,,,,,,,,,,,,,,,,,,,,,,,,,,,,,,,,,,,,,,,,,,,,,,,,,,,,,,,,,
Irrua Specialist Teaching Hopsital of Nigeria,,,,,,,VHF Consortium,Laboratory Methods,,,,,,,,,,,,,,,,,,,,,,,,,,,,,EMLab,Laboratory Methods,,,,,,,,,,,,,,,,,,,,,,,,,,,,,,,,,,,,,,,,,,,,,,,,,,,,,,,,
Autoimmune Technologies,,,,,,,VHF Consortium,Laboratory Methods,,,,,,,,,,,,,,,,,,,,,,,,,,,,,,,,,,,,,,,,,,,,,,,,,,,,,,,,,,,,,,,,,,,,,,,,,,,,,,,,,,,,,,
Corgenix,,,,,,,VHF Consortium,Laboratory Methods,,,,,,,,,,,,,,,,,,,,,,,,,,,,,,,,,,,,,,,,,,,,,,,,,,,,,,,,,,,,,,,,,,,,,,,,,,,,,,,,,,,,,,
Scripps Research Institute,,,,,,,VHF Consortium,Laboratory Methods,,,,,,,,,,,,,,,,,,,,,,,,,,,,,,,,,,,,,,,,,,,,,,,,,,,,,,,,,,,,,,,,,,,,,,,,,,,,,,,,,,,,,,
University of Texas Medical Branch,,,,,,,VHF Consortium,Laboratory Methods,,,,,,,,,,,,,,,,,,,,,,,,,,,EVAg,Information_Sharing,,,Zika Task Force,Epidemiology,Chikungunya Task Force,Epidemiology,,,,,,,,,,,,,,,,,,,,,,,,,,,,,,,,,,,,,,,,,,,,,,,,,,,,
Zalgen Labs,,,,,,,VHF Consortium,Laboratory Methods,,,,,,,,,,,,,,,,,,,,,,,,,,,,,,,,,,,,,,,,,,,,,,,,,,,,,,,,,,,,,,,,,,,,,,,,,,,,,,,,,,,,,,
Medical University of Vienna,,,,,,,,,EDCTP,Clinical Trials,,,,,,,,,,,,,,,,,,,,,,,,,,,,,,,,,,,,,,,,,,,,,,,,,,,,,,,,,,,,,,,,,,,,,,,,,,,,,,,,,,,,
Austrian Federal Ministry of Science and Research,,,,,,,,,EDCTP,Clinical Trials,,,,,,,,,,,,,,,,,,,,,,,,,,,,,,,,,,,,,,,,,,,,,,,,,,,,,,,,,,,,,,,,,,,,,,,,,,,,,,,,,,,,
Belgian Science Policy Office,,,,,,,,,EDCTP,Clinical Trials,,,,,,,,,,,,,,,,,,,,,,,,,,,,,,,,,,,,,,,,,,,,,,,,,,,,,,,,,,,,,,,,,,,,,,,,,,,,,,,,,,,,
Institute for Tropical Medicine of Antwerp,,,,,,,,,EDCTP,Clinical Trials,,,,,,,,,,,,,PREPARE,Clinical Trials,,,,,,,,,,,,,,,,,,,,,,,,,,,,,COMPARE,Information_Sharing,,,,,,,,,,,,,,,,,,,,,,,,,,,,,,,AfriCoLeish,Drug Development,,,,,,,,
Centre National de Recherche et de Formation_sur le Paludisme,,,,,,,,,EDCTP,Clinical Trials,,,,,,,,,,,,,,,,,,,,,,,,,,,,,,,,,,,,,,,,,,,,,,,,,,,,,,,,,,,,,,,,,,,,,,,,,,,,,,,,,,,,
Centre de Recherche en Santé de Nouna,,,,,,,,,EDCTP,Clinical Trials,,,,,,,,,,,,,,,,,,,,,,,,,,,,,,,,,,,,,,,,,,,,,,,,,,,,,,,,,,,,,,,,,,,,,,,,,,,,,,,,,,,,
Ministry of Public Health of Cameroon,,,,,,,,,EDCTP,Clinical Trials,,,,,,,,,,,,,,,,,,,,,,,,,,,,,,,,,,,,,,,,,,,,,,,,,,,,,,,,,,,,,,,,,,,,,,,,,,,,,,,,,,,,
University Marien Ngouabi,,,,,,,,,EDCTP,Clinical Trials,,,,,,,,,,,,,,,,,,,,,,,,,,,,,,,,,,,,,,,,,,,,,,,,,,,,,,,,,,,,,,,,,,,,,,,,,,,,,,,,,,,,
Statens Serum Institute,,,,,,,,,EDCTP,Clinical Trials,,,,,,,,,,,,,,,,,,,,,,,,,,,,,,,,,,,,,,,,,,,COMPARE,Information_Sharing,,,,,,,,,,,,,,,,,,,,,,,,,,,,,,,,,,,,,,,,
Academy of Finland,,,,,,,,,EDCTP,Clinical Trials,,,,,,,,,,,,,,,,,,,,,,,,,,,,,,,,,,,,,,,,,,,,,,,,,,,,,,,,,,,,,,,,,,,,,,,,,,,,,,,,,,,,
Ministère de l'Enseignement Supérieure et de la Recherche of France,,,,,,,,,EDCTP,Clinical Trials,,,,,,,,,,,,,,,,,,,,,,,,,,,,,,,,,,,,,,,,,,,,,,,,,,,,,,,,,,,,,,,,,,,,,,,,,,,,,,,,,,,,
University of Pierre and Marie Curie,,,,,,,,,EDCTP,Clinical Trials,,,,,,,,,,,,,,,,,,,,,,,,,,,,,,,,,,,,,,,,,,,,,,,,,,,,,,,,,,,,,,,,,,,,,,,,,,,,,,,,,,,,
Centre de Recherche Médicales de Lambaréné,,,,,,,,,EDCTP,Clinical Trials,,,,,,,,,,,,,,,,,,,,,,,,,,,,,,,,,,,,,,,,,,,,,,,,,,,,,,,,,,,,,,,,,,,,,,,,,,,,,,,,,,,,
Université des Sciences de la Santé of Gabon,,,,,,,,,EDCTP,Clinical Trials,,,,,,,,,,,,,,,,,,,,,,,,,,,,,,,,,,,,,,,,,,,,,,,,,,,,,,,,,,,,,,,,,,,,,,,,,,,,,,,,,,,,
Ministry of Health and Social Welfare of Gambia,,,,,,,,,EDCTP,Clinical Trials,,,,,,,,,,,,,,,,,,,,,,,,,,,,,,,,,,,,,,,,,,,,,,,,,,,,,,,,,,,,,,,,,,,,,,,,,,,,,,,,,,,,
Bündesministerium für Bildung und Forschung of Germany,,,,,,,,,EDCTP,Clinical Trials,,,,,,,,,,,,,,,,,,,,,,,,,,,,,,,,,,,,,,,,,,,,,,,,,,,,,,,,,,,,,,,,,,,,,,,,,,,,,,,,,,,,
Deutsches Zentrum für Luft und Raumfahrt,,,,,,,,,EDCTP,Clinical Trials,,,,,,,,,,,,,,,,,,,,,,,,,,,,,,,,,,,,,,,,,,,,,,,,,,,,,,,,,,,,,,,,,,,,,,,,,,,,,,,,,,,,
University of Ghana,,,,,,,,,EDCTP,Clinical Trials,,,,,,,,,,,,,,,,,,,,,,,,,,,,,,,,,,,,,,,,,,,,,,,,,,,,,,,,,,,,,,,,,,,,,,,,,,,,,,,,,,,,
University of Ionannina School of Medicine,,,,,,,,,EDCTP,Clinical Trials,,,,,,,,,,,,,,,,,,,,,,,,,,,,,,,,,,,,,,,,,,,,,,,,,,,,,,,,,,,,,,,,,,,,,,,,,,,,,,,,,,,,
General Secretariat for Research & Technology of Greece,,,,,,,,,EDCTP,Clinical Trials,,,,,,,,,,,,,,,,,,,,,,,,,,,,,,,,,,,,,,,,,,,,,,,,,,,,,,,,,,,,,,,,,,,,,,,,,,,,,,,,,,,,
"Irish Aid, Department of Foreign Affairs and Trade",,,,,,,,,EDCTP,Clinical Trials,,,COHRED,Capcity Building,,,,,,,,,,,,,,,,,,,,,,,,,,,,,,,,,,,,,,,,,,,,,,,,,,,,,,,,,,,,,,,,,,,,,,,,,,,,,,,,
Instituto Superiore di Sanita,,,,,,,,,EDCTP,Clinical Trials,,,,,,,,,,,,,,,,,,,,,,,,,,,,,Zika Task Force,Epidemiology,,,,,,,,,,,,,COMPARE,Information_Sharing,,,,,,,,,,,,,,,,,,,,,,,,,,,,,,,,,,,,,,,,
Fonds National de la Recherche du Luxembourg,,,,,,,,,EDCTP,Clinical Trials,,,,,,,,,,,,,,,,,,,,,,,,,,,,,,,,,,,,,,,,,,,,,,,,,,,,,,,,,,,,,,,,,,,,,,,,,,,,,,,,,,,,
University of Bamako,,,,,,,,,EDCTP,Clinical Trials,,,,,,,,,NIH Tropical Research Centres,Capacity Building,,,,,,,,,,,,,,,,,,,,,,,H3Africa,Capacity Building,PDNA,Epidemiology,,,,,,,,,,,,,,,,,,,,,,,,,,,,,,,,,,,,,,,,,,,,,ICEMR,Clinical Trials,Team B,Information_Sharing
Ministry of Health of Mozambique,,,,,,,,,EDCTP,Clinical Trials,,,,,,,,,,,,,,,,,,,,,,,,,,,,,,,,,,,,,,,,,,,,,,,,,,,,,,,,,,,,,,,,,,,,,,,,,,,,,,,,,,,,
Health Research Centre of Manhica,,,,,,,,,EDCTP,Clinical Trials,,,,,,,,,,,,,,,,,,,,,,,,,,,,,,,,,,,,,,,,,,,,,,,,,,,,,,,,,,,,,,,,,,,,,,,,,,,,,,,,,,,,
NWO-WOTRO Science for Global Development,,,,,,,,,EDCTP,Clinical Trials,,,,,,,,,,,,,,,,,,,,,,,,,,,,,,,,,,,,,,,,,,,,,,,,,,,,,,,,,,,,,,,,,,,,,,,,,,,,,,,,,,,,
Minsitry of Foreign Affairs of Netherlands,,,,,,,,,EDCTP,Clinical Trials,,,COHRED,Capcity Building,,,,,,,,,,,,,,,,,,,,,,,,,,,,,,,,,,,,,,,,,,,,,,,,,,,,,,,,,,,,,,,,,,,,,,,,,,,,,,,,
Ministry of Public Health of Niger,,,,,,,,,EDCTP,Clinical Trials,,,,,,,,,,,,,,,,,,,,,,,,,,,,,,,,,,,,,,,,,,,,,,,,,,,,,,,,,,,,,,,,,,,,,,,,,,,,,,,,,,,,
Centre de Recherche Médicale et Sanitaire of Niger,,,,,,,,,EDCTP,Clinical Trials,Afircan meningococcal carriage Consortium,Epidemiology,,,,,,,,,,,,,,,,,,,,,,,,,,,,,,,,,,,,,,,,,,,,,,,,,,,,,,,,,,,,,,,,,,,,,,,,,,,,,,,,,,
Norwegian Directorate of Health,,,,,,,,,EDCTP,Clinical Trials,,,,,,,,,,,,,,,,,,,,,,,,,,,,,,,,,,,,,,,,,,,,,,,,,,,,,,,,,,,,,,,,,,,,,,,,,,,,,,,,,,,,
Foundation_for Science and Technology of Portugal,,,,,,,,,EDCTP,Clinical Trials,,,,,,,,,,,,,,,,,,,,,,,,,,,,,,,,,,,,,,,,,,,,,,,,,,,,,,,,,,,,,,,,,,,,,,,,,,,,,,,,,,,,
University Cheikh Anta Diop,,,,,,,,,EDCTP,Clinical Trials,,,,,,,,,,,,,,,,,,,,,,,,,,,,,,,,,,,,,,,,,,,,,,,,,,,,,IDDO,Information_Sharing,,,,,,,,,,,,,,,,,,,,,,,,,,,ICEMR,Clinical Trials,,
Department of Science and Technology of South Africa,,,,,,,,,EDCTP,Clinical Trials,,,,,,,,,,,,,,,,,,,,,,,,,,,,,,,,,,,,,,,,,,,,,,,,,,,,,,,,,,,,,,,,,,,,,,,,,,,,,,,,,,,,
Council for Scientific and Industrial Research of South Africa,,,,,,,,,EDCTP,Clinical Trials,,,,,,,,,,,,,,,,,,,,,,,,,,,,,,,,,,,,,,,,,,,,,,,,,,,,,,,,,,,,,,,,,,,,,,,,,,,,,,,,,,,,
Tanzania Commission for Science and Technology,,,,,,,,,EDCTP,Clinical Trials,,,,,,,,,,,,,,,,,,,,,,,,,,,,,,,,,,,,,,,,,,,,,,,,,,,,,,,,,,,,,,,,,,,,,,,,,,,,,,,,,,,,
Uganda National Health Research Organization,,,,,,,,,EDCTP,Clinical Trials,,,,,,,,,,,,,,,,,,,,,,,,,,,,,,,,,,,,,,,,,,,,,,,,,,,,,,,,,,,,,,,,,,,,,,,,,,,,,,,,,,,,
Uganda Virus Research Institute,,,,,,,,,EDCTP,Clinical Trials,,,,,,,EACCR,Capacity Building,,,,,,,,,,,,,,,,,,,,,Zika Task Force,Epidemiology,,,,,,,THRiVE,Capacity Building,,,,,,,,,,,,,,,,,,,,,,,,,,,,,,,,,,,,,,,,,,,,,Team B,Information_Sharing
Minsitry of Health of Zambia,,,,,,,,,EDCTP,Clinical Trials,,,,,,,,,,,,,,,,,,,,,,,,,,,,,,,,,,,,,,,,,,,,,,,,,,,,,,,,,,,,,,,,,,,,,,,,,,,,,,,,,,,,
London School Of Hygiene and Tropical Medicine,,,,,,,,,,,Afircan meningococcal carriage Consortium,Epidemiology,,,,,,,,,,,,,,,,,,,,,,,,,,,,,,,,,,,THRiVE,Capacity Building,,,,,,,ZIKAlliance,Epidemiology,ZikaPLAN,Epidemiology,,,MERG,Epidemiology,,,,,,,,,,,ARCTEC,Laboratory Methods,,,CDPRG,Clinical Trials,EBOVAC,Clinical Trials,,,,,AfriCoLeish,Drug Development,,,,,,,Team B,Information_Sharing
Armauer Hansen Research Institute,,,,,,,,,,,Afircan meningococcal carriage Consortium,Epidemiology,,,,,EACCR,Capacity Building,,,,,,,,,,,,,,,,,,,,,,,,,,,,,,,,,,,,,,,,,,,,,,,,,,,,,,,,,,,,,,,,,,,,,,,,,,,,
Centre pour les Vaccins en Développement,,,,,,,,,,,Afircan meningococcal carriage Consortium,Epidemiology,,,,,,,,,,,,,,,,,,,,,,,,,,,,,,,,,,,,,,,,,,,,,,,,,,,,,,,,,,,,,,,,,,,,,,,,,,,,,,,,,,
Institute de Recherche pour le Développement,,,,,,,,,,,Afircan meningococcal carriage Consortium,Epidemiology,,,,,,,,,,,,,,,,,,,,,,,,,,,,,,,,,,,,,,,,,,,ZIKAlliance,Epidemiology,,,,,,,,,,,,,,,,,,,,,,,,,,,,,,,,,,,,,,
Centre de Support en Santé Internationale,,,,,,,,,,,Afircan meningococcal carriage Consortium,Epidemiology,,,,,,,,,,,,,,,,,,,,,,,,,,,,,,,,,,,,,,,,,,,,,,,,,,,,,,,,,,,,,,,,,,,,,,,,,,,,,,,,,,
Navrongo Health Research Centre,,,,,,,,,,,Afircan meningococcal carriage Consortium,Epidemiology,,,,,,,,,,,,,,,,,,,,,,,,,,,,,,,,,,,,,,,,,,,,,,,,,,,,,,,,,,,,,,,,,,,,,,,,,,,,,,,,,,
University of Maiduguri,,,,,,,,,,,Afircan meningococcal carriage Consortium,Epidemiology,,,,,,,,,,,,,,,,,,,,,,,,,,,,,,,,,,,,,,,,,,,,,,,,,,,,,,,,,,,,,,,,,,,,,,,,,,,,,,,,,,
Agence de Médicine Préventive,,,,,,,,,,,Afircan meningococcal carriage Consortium,Epidemiology,,,,,,,,,,,,,,,,,,,,,,,,,,,,,,,,,,,,,,,,,,,,,,,,,,,,,,,,,,,,,,,,,,,,,,,,,,,,,,,,,,
US Centres for Disease Control,,,,,,,,,EDCTP,Clinical Trials,Afircan meningococcal carriage Consortium,Epidemiology,,,,,EACCR,Capacity Building,,,,,,,,,,,,,,,,,,,,,,,,,,,,,,,,,,,,,,,,,CONSISE,Information_Sharing,,,,,,,,,,,,,,,,,,,,,,,,,,,,,,,,,,
Swiss Tropical Institute,,,,,,,,,,,Afircan meningococcal carriage Consortium,Epidemiology,,,,,,,,,,,,,,,,,,,,,,,,,,,,,,,,,,,,,,,,,,,,,ZikaPLAN,Epidemiology,,,,,,,,,,,,,,,,,,,,,,,,,,,,,,,,,,,,
University of Cambridge,,,,,,,,,,,Afircan meningococcal carriage Consortium,Epidemiology,,,,,,,,,,,,,,,,,,,EMPERIE,Epidemiology,,,,,,,,,,,,,,,THRiVE,Capacity Building,,,,,COMPARE,Information_Sharing,,,,,,,,,,,,,,,,,,,,,,,,,,,,,,,,,,,,,,,,
University of Oxford,,,,,,,,,,,Afircan meningococcal carriage Consortium,Epidemiology,,,,,,,,,ISARIC,Information_Sharing,PREPARE,Clinical Trials,,,,,,,EMPERIE,Epidemiology,,,,,,,,,,,H3Africa,Capacity Building,,,,,,,PERISCOPE,Vaccine development,,,ZIKAlliance,Epidemiology,ZikaPLAN,Epidemiology,CONSISE,Information_Sharing,,,IDDO,Information_Sharing,,,,,,,,,,,,,,,EBOVAC,Clinical Trials,,,FACT,Drug Development,,,,,,,,,,
Health Protection_Agency,,,,,,,,,,,Afircan meningococcal carriage Consortium,Epidemiology,,,,,,,,,,,,,,,,,,,,,,,,,,,,,,,,,,,,,,,,,,,,,,,,,,,,,,,,,,,,,,,,,,,,,,,,,,,,,,,,,,
French Forces Institute of Tropical Medicine,,,,,,,,,,,Afircan meningococcal carriage Consortium,Epidemiology,,,,,,,,,,,,,,,,,,,,,,,,,,,,,,,,,,,,,,,,,,,,,,,,,,,,,,,,,,,,,,,,,,,,,,,,,,,,,,,,,,
Pfizer,,,,,,,,,,,,,COHRED,Capcity Building,,,,,,,,,,,,,,,PACRA,Clinical Trials,,,,,,,,,,,,,,,,,,,,,,,,,,,,,,,,,,,,,,,,,,,,,,,,,,,,,,,,,,,,,,,,
Red Iberoamericana Ministerial de Aprendizaje e Investigacio en Salud,,,,,,,,,,,,,COHRED,Capcity Building,,,,,,,,,,,,,,,,,,,,,,,,,,,,,,,,,,,,,,,,,,,,,,,,,,,,,,,,,,,,,,,,,,,,,,,,,,,,,,,,
International Network for Demographic Evaluation_of Populations and their Health in Developing Countries,,,,,,,,,,,,,COHRED,Capcity Building,,,,,,,,,,,,,,,,,,,,,,,,,,,,,,,,,,,,,,,,,,,,,,,,,,,,,,,,,,,,,,,,,,,,,,,,,,,,,,,,
New Partnership for Africa's Development,,,,,,,,,,,,,COHRED,Capcity Building,,,,,,,,,,,,,,,,,,,,,,,,,,,,,,,,,,,AESA,Capacity Building,,,,,,,,,,,,,,,,,,,,,,,,,,,,,,,,,,,,,,,,,,,,
World Bank Group,,,,,,,,,,,,,COHRED,Capcity Building,,,,,,,,,,,,,,,,,,,,,,,,,,,,,,,,,,,,,,,,,,,,,,,,,,,,,,,,,,,,,,,CDPRG,Clinical Trials,,,,,,,,,,,,,,,,
University of the Western Cap,,,,,,,,,,,,,COHRED,Capcity Building,,,,,,,,,,,,,,,,,,,,,,,,,,,,,,,,,,,,,,,,,,,,,,,,,,,,,,,,,,,,,,,,,,,,,,,,,,,,,,,,
Biotechnology Centre of the University of Yaounde,,,,,,,,,,,,,,,GABRIEL,Laboratory Methods,,,,,,,,,,,,,,,,,,,,,,,,,,,,,,,,,,,,,,,,,,,,,,,,,,,,,,,,,,,,,,,,,,,,,,,,,,,,,,
Emerging Pathogens Laboratory in France,,,,,,,,,,,,,,,GABRIEL,Laboratory Methods,,,,,,,,,,,,,,,,,,,,,,,,,,,,,,,,,,,,,,,,,,,,,,,,,,,,,,,,,,,,,,,,,,,,,,,,,,,,,,
Mongolian Academy of Medical Sciences,,,,,,,,,,,,,,,GABRIEL,Laboratory Methods,,,,,,,,,,,,,,,,,,,,,,,,,,,,,,,,,,,,,,,,,,,,,,,,,,,,,,,,,,,,,,,,,,,,,,,,,,,,,,
Centre d'Infectiologie Christophe Mérieux in Laos,,,,,,,,,,,,,,,GABRIEL,Laboratory Methods,,,,,,,,,,,,,,,,,,,,,,,,,,,,,,,,,,,,,,,,,,,,,,,,,,,,,,,,,,,,,,,,,,,,,,,,,,,,,,
Centre Charles Mérieux in Madagascar,,,,,,,,,,,,,,,GABRIEL,Laboratory Methods,,,,,,,,,,,,,,,,,,,,,,,,,,,,,,,,,,,,,,,,,,,,,,,,,,,,,,,,,,,,,,,,,,,,,,,,,,,,,,
Centre Charles Mérieux in Mali,,,,,,,,,,,,,,,GABRIEL,Laboratory Methods,,,,,,,,,,,,,,,,,,,,,,,,,,,,,,,,,,,,,,,,,,,,,,,,,,,,,,,,,,,,,,,,,,,,,,,,,,,,,,
University of Health Sciences of Cambodia,,,,,,,,,,,,,,,GABRIEL,Laboratory Methods,,,,,,,,,,,,,,,,,,,,,,,,,,,,,,,,,,,,,,,,,,,,,,,,,,,,,,,,,,,,,,,,,,,,,,,,,,,,,,
University Saint-Joseph of Lebanon,,,,,,,,,,,,,,,GABRIEL,Laboratory Methods,,,,,,,,,,,,,,,,,,,,,,,,,,,,,,,,,,,,,,,,,,,,,,,,,,,,,,,,,,,,,,,,,,,,,,,,,,,,,,
Kilimandjaro Clinical Research Institute,,,,,,,,,,,,,,,,,EACCR,Capacity Building,,,,,,,,,,,,,,,,,,,,,,,,,,,,,THRiVE,Capacity Building,,,,,,,,,,,,,,,,,,,,,,,,,,,,,,,,,,,,,,,,,,,,,,
Makerere University,,,,,,,,,,,,,,,,,EACCR,Capacity Building,,,ISARIC,Information_Sharing,,,,,,,,,,,,,,,,,,,,,,,,,THRiVE,Capacity Building,,,,,,,,,,,,,,,,,,,,,,,,,,,,,,,,,,,,,,,,,,,ICEMR,Clinical Trials,,
Infectious Disease Institute of Mulago,,,,,,,,,,,,,,,,,EACCR,Capacity Building,,,,,,,,,,,,,,,,,,,,,,,,,,,,,,,,,,,,,,,,,,,,,,,,,,,,,,,,,,,,,,,,,,,,,,,,,,,,
National Institute for Medical Research of Muhimbili,,,,,,,,,,,,,,,,,EACCR,Capacity Building,,,,,,,,,,,,,,,,,,,EMLab,Laboratory Methods,,,,,,,,,,,,,,,,,,,,,,,,,,,,,,,,,,,,,,,,,,,,,,,,,,,,,,,,
KEMRI/CDC,,,,,,,,,,,,,,,,,EACCR,Capacity Building,,,,,,,,,,,,,,,,,,,,,,,,,,,,,,,,,,,,,,,,,,,,,,,,,,,,,,,,,,,,,,,,,,,,,,,GDDP,Laboratory Methods,,,,
Ifakara Health Institute,,,,,,,,,,,,,,,,,EACCR,Capacity Building,,,,,,,,,,,,,,,,,,,,,,,,,,,,,,,,,,,,,,,,,,,,,,,,,,,,,,,ARCTEC,Laboratory Methods,,,,,,,,,,,,,,,,,,,,
Research Institute for Tropical Medicine of Philippines,,,,,,,,,,,,,,,,,,,NIH Tropical Research Centres,Capacity Building,,,,,,,,,,,,,,,,,,,,,,,,,,,,,,,,,,,,,,,,,,,,,,,,,,,,,,,,,,,,,,,,,,,,,,,,,,
Federal University of Bahia,,,,,,,,,,,,,,,,,,,NIH Tropical Research Centres,Capacity Building,,,,,,,,,,,,,,,,,,,,,,,,,,,,,,,,,,,,,,,,,,,,,,,,,,,,,,,,,,,,,,,,,,,,,,,,,,
Foundation_for Research Development of Brazil,,,,,,,,,,,,,,,,,,,NIH Tropical Research Centres,Capacity Building,,,,,,,,,,,,,,,,,,,,,,,,,,,,,,,,,,,,,,,,,,,,,,,,,,,,,,,,,,,,,,,,,,,,,,,,,,
Banaras Hindu University,,,,,,,,,,,,,,,,,,,NIH Tropical Research Centres,Capacity Building,,,,,,,,,,,,,,,,,,,,,,,,,,,,,,,,,,,,,,,,,,,,,,,,,,,,,,,,,,,,,,,,,,,,,,,,,,
Khon Kaen University,,,,,,,,,,,,,,,,,,,NIH Tropical Research Centres,Capacity Building,,,,,,,,,,,,,,,,,,,,,,,,,,,,,,,,,,,,,,,,,,,,,,,,,,,,,,,,,,,,,,,,,,,,,,,,,,
Fundacao Faculdade De Medicina,,,,,,,,,,,,,,,,,,,NIH Tropical Research Centres,Capacity Building,,,,,,,,,,,,,,,,,,,,,,,,,,,,,,,,,,,,,,,,,,,,,,,,,,,,,,,,,,,,,,,,,,,,,,,,,,
Cvil Association_of the Amazon Jungle,,,,,,,,,,,,,,,,,,,NIH Tropical Research Centres,Capacity Building,,,,,,,,,,,,,,,,,,,,,,,,,,,,,,,,,,,,,,,,,,,,,,,,,,,,,,,,,,,,,,,,,,,,,,,,,,
Acute Care for Africa Research and Training,,,,,,,,,,,,,,,,,,,,,ISARIC,Information_Sharing,,,,,,,,,,,,,,,,,,,,,,,,,,,,,,,,,,,,,,,,,,,,,,,,,,,,,,,,,,,,,,,,,,,,,,,,
Australian Society for Infectious Disease,,,,,,,,,,,,,,,,,,,,,ISARIC,Information_Sharing,,,,,,,,,,,,,,,,,,,,,,,,,,,,,,,,,,,,,,,,,,,,,,,,,,,,,,,,,,,,,,,,,,,,,,,,
Australian and New Zealand Intensive Care Society,,,,,,,,,,,,,,,,,,,,,ISARIC,Information_Sharing,,,,,,,,,,,,,,,,,,,,,,,,,,,,,,,,,,,,,,,,,,,,,,,,,,,,,,,,,,,,,,,,,,,,,,,,
Brazilian Research in Intensive Care Network,,,,,,,,,,,,,,,,,,,,,ISARIC,Information_Sharing,,,,,,,,,,,,,,,,,,,,,,,,,,,,,,,,,,,,,,,,,,,,,,,,,,,,,,,,,,,,,,,,,,,,,,,,
"Clinical Research, Investigation_and Systems Modelling of Acute Illness Centre",,,,,,,,,,,,,,,,,,,,,ISARIC,Information_Sharing,,,,,,,,,,,,,,,,,,,,,,,,,,,,,,,,,,,,,,,,,,,,,,,,,,,,,,,,,,,,,,,,,,,,,,,,
UK national influenza Clinical Information_Network,,,,,,,,,,,,,,,,,,,,,ISARIC,Information_Sharing,,,,,,,,,,,,,,,,,,,,,,,,,,,,,,,,,,,,,,,,,,,,,,,,,,,,,,,,,,,,,,,,,,,,,,,,
George Institute for Global Health,,,,,,,,,,,,,,,,,,,,,ISARIC,Information_Sharing,,,,,,,,,,,,,,,,,,,,,,,,,,,,,,,,,,,,,,,,,,,,,,,,,,,,,,,,,,,,,,,,,,,,,,,,
Georgian Research and Education_Group,,,,,,,,,,,,,,,,,,,,,ISARIC,Information_Sharing,,,,,,,,,,,,,,,,,,,,,,,,,,,,,,,,,,,,,,,,,,,,,,,,,,,,,,,,,,,,,,,,,,,,,,,,
Hellenic Hepsis study Group,,,,,,,,,,,,,,,,,,,,,ISARIC,Information_Sharing,,,,,,,,,,,,,,,,,,,,,,,,,,,,,,,,,,,,,,,,,,,,,,,,,,,,,,,,,,,,,,,,,,,,,,,,
Irish Clinical Care trials group,,,,,,,,,,,,,,,,,,,,,ISARIC,Information_Sharing,,,,,,,,,,,,,,,,,,,,,,,,,,,,,,,,,,,,,,,,,,,,,,,,,,,,,,,,,,,,,,,,,,,,,,,,
Intensive Care National Audit and Research Centre,,,,,,,,,,,,,,,,,,,,,ISARIC,Information_Sharing,,,,,,,,,,,,,,,,,,,,,,,,,,,,,,,,,,,,,,,,,,,,,,,,,,,,,,,,,,,,,,,,,,,,,,,,
Institute of Infection_and Global Health,,,,,,,,,,,,,,,,,,,,,ISARIC,Information_Sharing,,,,,,,,,,,,,,,,,,,,,,,,,,,,,,,,,,,,,,,,,,,,,,,,,,,,,,,,,,,,,,,,,,,,,,,,
National Institute for Infectious Disease in Italy,,,,,,,,,,,,,,,,,,,,,ISARIC,Information_Sharing,,,,,,,,,,,EMERGE,Laboratory Methods,EVAg,Information_Sharing,EMLab,Laboratory Methods,Zika Task Force,Epidemiology,,,,,,,,,,,,,,,,,,,,,,,,,,,,,,,,,,,,,,,,,,,,,,,,,,,,,,
Intesive Care Society,,,,,,,,,,,,,,,,,,,,,ISARIC,Information_Sharing,,,,,,,,,,,,,,,,,,,,,,,,,,,,,,,,,,,,,,,,,,,,,,,,,,,,,,,,,,,,,,,,,,,,,,,,
International Network for Strategic Initiatives in Global HIV Trials,,,,,,,,,,,,,,,,,,,,,ISARIC,Information_Sharing,,,,,,,,,,,,,,,,,,,,,,,,,,,,,,,,,,,,,,,,,,,,,,,,,,,,,,,,,,,,,,,,,,,,,,,,
Institut Pasteur Madagascar,,,,,,,,,,,,,,,,,,,,,ISARIC,Information_Sharing,,,,,,,,,,,,,,,,,,,,,,,PDNA,Epidemiology,,,,,,,,,,,,,,,,,,,,,,,,,,,,,,,,,,,,,,,,,,,,,,,,
Mexican Emerging Infectious Disease Clinical Research Network,,,,,,,,,,,,,,,,,,,,,ISARIC,Information_Sharing,,,,,,,,,,,,,,,,,,,,,,,,,,,,,,,,,,,,,,,,,,,,,,,,,,,,,,,,,,,,,,,,,,,,,,,,
Latin America Sepsis Institute,,,,,,,,,,,,,,,,,,,,,ISARIC,Information_Sharing,,,,,,,,,,,,,,,,,,,,,,,,,,,,,,,,,,,,,,,,,,,,,,,,,,,,,,,,,,,,,,,,,,,,,,,,
Mahidol Oxford Tropical Medicine Research Unit,,,,,,,,,,,,,,,,,,,,,ISARIC,Information_Sharing,,,,,SEAICRN,Capacity Building,,,,,,,,,,,,,,,,,,,,,,,,,,,,,,,,,,,,,,,,,,,,,,,APEIR,Clinical Trials,CDPRG,Clinical Trials,,,,,FACT,Drug Development,,,,,Caucaseco Scientific Research Center,,,,,
Mechanism of severe acute Influenza Consortium,,,,,,,,,,,,,,,,,,,,,ISARIC,Information_Sharing,,,,,,,,,,,,,,,,,,,,,,,,,,,,,,,,,,,,,,,,,,,,,,,,,,,,,,,,,,,,,,,,,,,,,,,,
Nothingham Respiratory Infections Research Group,,,,,,,,,,,,,,,,,,,,,ISARIC,Information_Sharing,,,,,,,,,,,,,,,,,,,,,,,,,,,,,,,,,,,,,,,,,,,,,,,,,,,,,,,,,,,,,,,,,,,,,,,,
Respiratory and Meningeal Pathogens Research Unit,,,,,,,,,,,,,,,,,,,,,ISARIC,Information_Sharing,,,,,,,,,,,,,,,,,,,,,,,,,,,,,,,,,,,,,,,,,,,,,,,,,,,,,,,,,,,,,,,,,,,,,,,,
Oxford University Clinical Research Unit,,,,,,,,,,,,,,,,,,,,,ISARIC,Information_Sharing,,,,,,,,,,,,,,,,,,,,,,,,,,,,,,,,,,,,,,,,,,,,,,,,,,,,,,,,,,,,,,,,,,,,,,,,
Public Health Agency of Canada,,,,,,,,,,,,,,,,,,,,,ISARIC,Information_Sharing,,,,,,,,,,,,,,,,,,,,,,,,,,,,,,,,,,,,,CONSISE,Information_Sharing,,,,,,,,,,,,,,,,,,,,,,,,,,,,,,,,,,
Platform for European Preparedness for Re-Emerging Epidemics,,,,,,,,,,,,,,,,,,,,,ISARIC,Information_Sharing,,,,,,,,,,,,,,,,,,,,,,,,,,,,,,,,,,,,,,,,,,,,,,,,,,,,,,,,,,,,,,,,,,,,,,,,
Scandinavian Clinical Care Trial group,,,,,,,,,,,,,,,,,,,,,ISARIC,Information_Sharing,,,,,,,,,,,,,,,,,,,,,,,,,,,,,,,,,,,,,,,,,,,,,,,,,,,,,,,,,,,,,,,,,,,,,,,,
Sino-international Severe Community-Acquired Pneumonia Consortium,,,,,,,,,,,,,,,,,,,,,ISARIC,Information_Sharing,,,,,,,,,,,,,,,,,,,,,,,,,,,,,,,,,,,,,,,,,,,,,,,,,,,,,,,,,,,,,,,,,,,,,,,,
SepNet Trial group,,,,,,,,,,,,,,,,,,,,,ISARIC,Information_Sharing,,,,,,,,,,,,,,,,,,,,,,,,,,,,,,,,,,,,,,,,,,,,,,,,,,,,,,,,,,,,,,,,,,,,,,,,
Singapore Infectious Disease Network,,,,,,,,,,,,,,,,,,,,,ISARIC,Information_Sharing,,,,,,,,,,,,,,,,,,,,,,,,,,,,,,,,,,,,,,,,,,,,,,,,,,,,,,,,,,,,,,,,,,,,,,,,
THe Global Health Network,,,,,,,,,,,,,,,,,,,,,ISARIC,Information_Sharing,,,,,,,,,,,,,,,,,,,,,,,,,,,,,,,,,,,,,,,,,,,,,,,,,,,,,,,,,,,,,,,,,,,,,,,,
UK Critical Care genomic group,,,,,,,,,,,,,,,,,,,,,ISARIC,Information_Sharing,,,,,,,,,,,,,,,,,,,,,,,,,,,,,,,,,,,,,,,,,,,,,,,,,,,,,,,,,,,,,,,,,,,,,,,,
Academic Medical Centre,,,,,,,,,,,,,,,,,,,,,,,PREPARE,Clinical Trials,,,,,,,,,,,,,,,,,,,,,,,,,,,,,COMPARE,Information_Sharing,,,,,,,,,,,,,,,,,,,,,,,,,,,,,,,,,,,,,,,,
Cardiff University,,,,,,,,,,,,,,,,,,,,,,,PREPARE,Clinical Trials,,,,,,,,,,,,,,,,,,,,,,,,,,,,,,,,,,,,,,,,,,,,,,,,,,,,,,,,,,,,,,,,,,,,,,
UMC Utrecht,,,,,,,,,,,,,,,,,,,,,,,PREPARE,Clinical Trials,,,,,,,,,,,,,,,,,,,,,,,,,,,,,,,,,,,,,,,,,,,,,,,,,,,,,,,,,,,,,,,,,,,,,,
European Society of Intensive Care Medicine,,,,,,,,,,,,,,,,,,,,,,,PREPARE,Clinical Trials,,,,,,,,,,,,,,,,,,,,,,,,,,,,,,,,,,,,,,,,,,,,,,,,,,,,,,,,,,,,,,,,,,,,,,
Erasmus MC,,,,,,,,,,,,,,,,,,,,,,,PREPARE,Clinical Trials,,,,,,,EMPERIE,Epidemiology,EMERGE,Laboratory Methods,EVAg,Information_Sharing,,,,,,,,,,,,,,,,,COMPARE,Information_Sharing,ZIKAlliance,Epidemiology,ZikaPLAN,Epidemiology,,,,,,,,,,,,,,,,,,,,,,,,,,,,,,,,,,,,
Imperial College London,,,,,,,,,,,,,,,,,,,,,,,PREPARE,Clinical Trials,,,,,,,EMPERIE,Epidemiology,,,,,,,,,,,,,,,,,,,PERISCOPE,Vaccine development,,,,,,,CONSISE,Information_Sharing,,,,,,,,,,,,,,,,,,,,,VMI,Vaccine modelling,,,,,,,,,,,,
CAPNETZ,,,,,,,,,,,,,,,,,,,,,,,PREPARE,Clinical Trials,,,,,,,,,,,,,,,,,,,,,,,,,,,,,,,,,,,,,,,,,,,,,,,,,,,,,,,,,,,,,,,,,,,,,,
SERGAS,,,,,,,,,,,,,,,,,,,,,,,PREPARE,Clinical Trials,,,,,,,,,,,,,,,,,,,,,,,,,,,,,,,,,,,,,,,,,,,,,,,,,,,,,,,,,,,,,,,,,,,,,,
HLA et Medicine,,,,,,,,,,,,,,,,,,,,,,,PREPARE,Clinical Trials,,,,,,,,,,,,,,,,,,,,,,,,,,,,,,,,,,,,,,,,,,,,,,,,,,,,,,,,,,,,,,,,,,,,,,
University of Split,,,,,,,,,,,,,,,,,,,,,,,PREPARE,Clinical Trials,,,,,,,,,,,,,,,,,,,,,,,,,,,,,,,,,,,,,,,,,,,,,,,,,,,,,,,,,,,,,,,,,,,,,,
BioCartis,,,,,,,,,,,,,,,,,,,,,,,PREPARE,Clinical Trials,,,,,,,,,,,,,,,,,,,,,,,,,,,,,,,,,,,,,,,,,,,,,,,,,,,,,,,,,,,,,,,,,,,,,,
BioMax,,,,,,,,,,,,,,,,,,,,,,,PREPARE,Clinical Trials,,,,,,,,,,,,,,,,,,,,,,,,,,,,,,,,,,,,,,,,,,,,,,,,,,,,,,,,,,,,,,,,,,,,,,
Janssen Diagnostics,,,,,,,,,,,,,,,,,,,,,,,PREPARE,Clinical Trials,,,,,,,,,,,,,,,,,,,,,,,,,,,,,,,,,,,,,,,,,,,,,,,,,,,,,,,,,,,,,,,,,,,,,,
University of Bonn,,,,,,,,,,,,,,,,,,,,,,,PREPARE,Clinical Trials,,,,,,,EMPERIE,Epidemiology,,,EVAg,Information_Sharing,,,,,,,,,,,,,,,,,COMPARE,Information_Sharing,ZIKAlliance,Epidemiology,,,,,,,,,,,,,,,,,,,,,,,,,,,,,,,,,,,,,,
University College Dublin,,,,,,,,,,,,,,,,,,,,,,,PREPARE,Clinical Trials,,,,,,,,,,,,,,,,,Chikungunya Task Force,Epidemiology,,,,,,,,,PERISCOPE,Vaccine development,,,,,,,,,,,,,,,,,,,,,,,,,,,,,,,,,,,,,,,,,,
PENTA foundation,,,,,,,,,,,,,,,,,,,,,,,PREPARE,Clinical Trials,,,,,,,,,,,,,,,,,,,,,,,,,,,,,,,,,,,,,,,,,,,,,,,,,,,,,,,,,,,,,,,,,,,,,,
University of Western Australia,,,,,,,,,,,,,,,,,,,,,,,PREPARE,Clinical Trials,,,,,,,,,,,,,,,,,,,,,,,,,,,,,,,,,,,,,,,,,,,,,,,,,,,,,,,,,,,,,,,,,,,,,,
European Respiratory Society,,,,,,,,,,,,,,,,,,,,,,,PREPARE,Clinical Trials,,,,,,,,,,,,,,,,,,,,,,,,,,,,,,,,,,,,,,,,,,,,,,,,,,,,,,,,,,,,,,,,,,,,,,
European Scientific Group on Influenza,,,,,,,,,,,,,,,,,,,,,,,PREPARE,Clinical Trials,,,,,,,,,,,,,,,,,,,,,,,,,,,,,,,,,,,,,,,,,,,,,,,,,,,,,,,,,,,,,,,,,,,,,,
Royal Brompton & Harefield,,,,,,,,,,,,,,,,,,,,,,,PREPARE,Clinical Trials,,,,,,,,,,,,,,,,,,,,,,,,,,,,,,,,,,,,,,,,,,,,,,,,,,,,,,,,,,,,,,,,,,,,,,
European Society of Clinical Microbiology and Infectious Disease,,,,,,,,,,,,,,,,,,,,,,,PREPARE,Clinical Trials,,,,,,,,,,,,,,,,,,,,,,,,,,,,,,,,,,,,,,,,,,,,,,,,,,,,,,,,,,,,,,,,,,,,,,
Berry Consultants,,,,,,,,,,,,,,,,,,,,,,,PREPARE,Clinical Trials,,,,,,,,,,,,,,,,,,,,,,,,,,,,,,,,,,,,,,,,,,,,,,,,,,,,,,,,,,,,,,,,,,,,,,
Ministry of Health of Mexico,,,,,,,,,,,,,,,,,,,,,,,,,REDMEI,Capacity Building,,,,,,,,,,,,,,,,,,,,,,,,,,,,,,,,,,,,,,,,,,,,,,,,,,,,,,,,,,,,,,,,,,,,
National Institute of Hygiene and Epidemiology Hanoi,,,,,,,,,,,,,,,,,,,,,,,,,,,SEAICRN,Capacity Building,,,,,,,,,,,,,,,,,,,,,,,,,,,,,,,,,,,,,,,,,,,,,,,,,,,,,,,,,,,,,,,,,,
Ministry of Public Health Bangkok,,,,,,,,,,,,,,,,,,,,,,,,,,,SEAICRN,Capacity Building,,,,,,,,,,,,,,,,,,,,,,,,,,,,,,,,,,,,,,,,,,,,,,,,,,,,,,,,,,,,,,,,,,
"Ministry of Health, Jakarta",,,,,,,,,,,,,,,,,,,,,,,,,,,SEAICRN,Capacity Building,,,,,,,,,,,,,,,,,,,,,,,,,,,,,,,,,,,,,,,,,,,,,,,,,,,,,,,,,,,,,,,,,,
Merck Co. & Inc.,,,,,,,,,,,,,,,,,,,,,,,,,,,,,PACRA,Clinical Trials,,,,,,,,,,,,,,,,,,,,,,,,,,,,,,,,,,,,,,,DiViNe,Vaccine Development,,,,,,,,,,,,,,,,,,,,,,,,
Orchestrall Inc.,,,,,,,,,,,,,,,,,,,,,,,,,,,,,PACRA,Clinical Trials,,,,,,,,,,,,,,,,,,,,,,,,,,,,,,,,,,,,,,,,,,,,,,,,,,,,,,,,,,,,,,,,
RPS,,,,,,,,,,,,,,,,,,,,,,,,,,,,,PACRA,Clinical Trials,,,,,,,,,,,,,,,,,,,,,,,,,,,,,,,,,,,,,,,,,,,,,,,,,,,,,,,,,,,,,,,,
Covance,,,,,,,,,,,,,,,,,,,,,,,,,,,,,PACRA,Clinical Trials,,,,,,,,,,,,,,,,,,,,,,,,,,,,,,,,,,,,,,,,,,,,,,,,,,,,,,,,,,,,,,,,
ClinTec,,,,,,,,,,,,,,,,,,,,,,,,,,,,,PACRA,Clinical Trials,,,,,,,,,,,,,,,,,,,,,,,,,,,,,,,,,,,,,,,,,,,,,,,,,,,,,,,,,,,,,,,,
Edinburgh Napier University,,,,,,,,,,,,,,,,,,,,,,,,,,,,,PACRA,Clinical Trials,,,,,,,,,,,,,,,,,,,,,,,COMPARE,Information_Sharing,,,,,,,,,,,,,,,,,,,,,,,,,,,,,,,,,,,,,,,,
Proton Media,,,,,,,,,,,,,,,,,,,,,,,,,,,,,PACRA,Clinical Trials,,,,,,,,,,,,,,,,,,,,,,,,,,,,,,,,,,,,,,,,,,,,,,,,,,,,,,,,,,,,,,,,
UL Eduneering,,,,,,,,,,,,,,,,,,,,,,,,,,,,,PACRA,Clinical Trials,,,,,,,,,,,,,,,,,,,,,,,,,,,,,,,,,,,,,,,,,,,,,,,,,,,,,,,,,,,,,,,,
Novartis,,,,,,,,,,,,,,,,,,,,,,,,,,,,,PACRA,Clinical Trials,,,,,,,,,,,,,,,,,,,,,,,,,,,,,,,,,,,,,,,,,,,,,,,,,,,,,,,,,,,,,,,,
Trifecta,,,,,,,,,,,,,,,,,,,,,,,,,,,,,PACRA,Clinical Trials,,,,,,,,,,,,,,,,,,,,,,,,,,,,,,,,,,,,,,,,,,,,,,,,,,,,,,,,,,,,,,,,
Microsoft,,,,,,,,,,,,,,,,,,,,,,,,,,,,,PACRA,Clinical Trials,,,,,,,,,,,,,,,,,,,,,,,,,,,,,,,,,,,,,,,,,,,,,,,,,,,,,,,,,,,,,,,,
Synergy Research Group,,,,,,,,,,,,,,,,,,,,,,,,,,,,,PACRA,Clinical Trials,,,,,,,,,,,,,,,,,,,,,,,,,,,,,,,,,,,,,,,,,,,,,,,,,,,,,,,,,,,,,,,,
Astra Zeneca,,,,,,,,,,,,,,,,,,,,,,,,,,,,,PACRA,Clinical Trials,,,,,,,,,,,,,,,,,,,,,,,,,,,,,,,,,,,,,,,,,,,,,,,,,,,,,,,,,,,,,,,,
Global English,,,,,,,,,,,,,,,,,,,,,,,,,,,,,PACRA,Clinical Trials,,,,,,,,,,,,,,,,,,,,,,,,,,,,,,,,,,,,,,,,,,,,,,,,,,,,,,,,,,,,,,,,
Friedrich Loeffler Institut,,,,,,,,,,,,,,,,,,,,,,,,,,,,,,,EMPERIE,Epidemiology,EMERGE,Laboratory Methods,EVAg,Information_Sharing,,,,,,,,,,,,,,,,,COMPARE,Information_Sharing,,,,,,,,,,,,,,,,,,,,,,,,,,,,,,,,,,,,,,,,
Consejo Superior de Investigaciones Cientificas,,,,,,,,,,,,,,,,,,,,,,,,,,,,,,,EMPERIE,Epidemiology,,,,,,,,,,,,,,,,,,,,,,,,,,,,,,,,,,,,,,,,,,,,,,,,,,,,,,,,,,,,,,
Genome Research Ltd,,,,,,,,,,,,,,,,,,,,,,,,,,,,,,,EMPERIE,Epidemiology,,,,,,,,,,,,,,,,,,,,,,,,,,,,,,,,,,,,,,,,,,,,,,,,,,,,,,,,,,,,,,
ViroClinics Biosciences,,,,,,,,,,,,,,,,,,,,,,,,,,,,,,,EMPERIE,Epidemiology,,,,,,,,,,,,,,,,,,,,,,,,,,,,,,,,,,,,,,,,,,,,,,,,,,,,,,,,,,,,,,
University of Hong Kong,,,,,,,,,,,,,,,,,,,,,,,,,,,,,,,EMPERIE,Epidemiology,,,,,,,,,,,,,,,,,,,,,,,,,,,CONSISE,Information_Sharing,,,,,,,,,,,,,,,,,,,,,,,,,,,,,,,,,,
Robert Koch Institute,,,,,,,,,,,,,,,,,,,,,,,,,,,,,,,,,EMERGE,Laboratory Methods,EVAg,Information_Sharing,EMLab,Laboratory Methods,,,,,,,,,,,,,,,COMPARE,Information_Sharing,,,,,,,,,,,,,,,,,,,,,,,,,,,,,,,,,,,,,,,,
National Centre on Transfusion Haematology,,,,,,,,,,,,,,,,,,,,,,,,,,,,,,,,,EMERGE,Laboratory Methods,,,,,,,,,,,,,,,,,,,,,,,,,,,,,,,,,,,,,,,,,,,,,,,,,,,,,,,,,,,,
Phillips-Universistat Marburg,,,,,,,,,,,,,,,,,,,,,,,,,,,,,,,,,EMERGE,Laboratory Methods,EVAg,Information_Sharing,,,,,,,,,,,,,,,,,,,,,,,,,,,,,,,,,,,,,,,,,,,,,,,,,,,,,,,,,,
Bernard Nocht Institute,,,,,,,,,,,,,,,,,,,,,,,,,,,,,,,,,EMERGE,Laboratory Methods,EVAg,Information_Sharing,EMLab,Laboratory Methods,,,,,,,,,,,,,,,,,,,,,,,,,,,,,,,,,,,,,,,,,,,,,,,,,,,,,,,,
University of Thessaloniki,,,,,,,,,,,,,,,,,,,,,,,,,,,,,,,,,EMERGE,Laboratory Methods,,,,,,,,,,,,,,,,,,,COMPARE,Information_Sharing,,,,,,,,,,,,,,,,,,,,,,,,,,,,,,,,,,,,,,,,
National Centre for Epidemiology of Hungary,,,,,,,,,,,,,,,,,,,,,,,,,,,,,,,,,EMERGE,Laboratory Methods,,,EMLab,Laboratory Methods,,,,,,,,,,,,,,,,,,,,,,,,,,,,,,,,,,,,,,,,,,,,,,,,,,,,,,,,
Institut Nacional de Saude,,,,,,,,,,,,,,,,,,,,,,,,,,,,,,,,,EMERGE,Laboratory Methods,,,,,,,,,,,,,,,,,,,,,,,,,,,,,,,,,,,,,,,,,,,,,,,,,,,,,,,,,,,,
University of Ljubljana,,,,,,,,,,,,,,,,,,,,,,,,,,,,,,,,,EMERGE,Laboratory Methods,EVAg,Information_Sharing,EMLab,Laboratory Methods,,,,,,,,,,,,,,,,,,,,,,,,,,,,,RECOLZIKA,Epidemiology,,,,,,,,,,,,,,,,,,,,,,,,,,
Public Health Agency of Sweden,,,,,,,,,,,,,,,,,,,,,,,,,,,,,,,,,EMERGE,Laboratory Methods,EVAg,Information_Sharing,,,,,,,,,,,,,,,,,,,,,,,,,,,,,,,,,,,,,,,,,,,,,,,,,,,,,,,,,,
Public Health England,,,,,,,,,,,,,,,,,,,,,,,,,,,,,,,,,EMERGE,Laboratory Methods,EVAg,Information_Sharing,EMLab,Laboratory Methods,,,,,,,,,,,,,PERISCOPE,Vaccine development,,,,,,,CONSISE,Information_Sharing,,,,,,,,,,,,,,,,,,,,,,,,,,,,,,,,,,
Leiden University,,,,,,,,,,,,,,,,,,,,,,,,,,,,,,,,,,,EVAg,Information_Sharing,,,,,,,,,,,,,,,PERISCOPE,Vaccine development,,,ZIKAlliance,Epidemiology,,,,,,,,,,,,,,,,,,,,,,,,,,,,,,,,,,,,,,
Pirbright Institute,,,,,,,,,,,,,,,,,,,,,,,,,,,,,,,,,,,EVAg,Information_Sharing,,,,,Chikungunya Task Force,Epidemiology,,,,,,,,,,,,,,,,,,,,,,,,,,,,,,,,,,,,,,,,,,,,,,,,,,,,
Research Institute of Influenza,,,,,,,,,,,,,,,,,,,,,,,,,,,,,,,,,,,EVAg,Information_Sharing,,,,,,,,,,,,,,,,,,,,,,,,,,,,,,,,,,,,,,,,,,,,,,,,,,,,,,,,,,
National Institute for Communicable Disease of South Africa,,,,,,,,,,,,,,,,,,,,,,,,,,,,,,,,,,,EVAg,Information_Sharing,,,Zika Task Force,Epidemiology,Chikungunya Task Force,Epidemiology,,,PDNA,Epidemiology,,,,,,,,,,,,,,,,,,,,,,,,,,,,,,,,,,,,,,,,,,,,,,,,
Chumakov Institute of Poliomyelitis and Viral Encephalitides,,,,,,,,,,,,,,,,,,,,,,,,,,,,,,,,,,,EVAg,Information_Sharing,,,,,,,,,,,,,,,,,,,,,,,,,,,,,,,,,,,,,,,,,,,,,,,,,,,,,,,,,,
Agricultural Research Council,,,,,,,,,,,,,,,,,,,,,,,,,,,,,,,,,,,EVAg,Information_Sharing,,,,,,,,,,,,,,,,,,,,,,,,,,,,,,,,,,,,,,,,,,,,,,,,,,,,,,,,,,
Australian Animal Health Laboratory,,,,,,,,,,,,,,,,,,,,,,,,,,,,,,,,,,,EVAg,Information_Sharing,,,,,,,,,,,,,,,,,,,,,,,,,,,,,,,,,,,,,,,,,,,,,,,,,,,,,,,,,,
Mechnikov Scientific Research Institute for Vaccines and Sera,,,,,,,,,,,,,,,,,,,,,,,,,,,,,,,,,,,EVAg,Information_Sharing,,,,,,,,,,,,,,,,,,,,,,,,,,,,,,,,,,,,,,,,,,,,,,,,,,,,,,,,,,
Wuhan Institute of Virology,,,,,,,,,,,,,,,,,,,,,,,,,,,,,,,,,,,EVAg,Information_Sharing,,,,,,,,,,,,,,,,,,,,,,,,,,,,,,,,,,,,,,,,,,,,,,,,,,,,,,,,,,
Hacettepe University,,,,,,,,,,,,,,,,,,,,,,,,,,,,,,,,,,,EVAg,Information_Sharing,,,,,,,,,,,,,,,,,,,,,,,,,,,,,,,,,,,,,,,,,,,,,,,,,,,,,,,,,,
St-Petersburg Pasteur Institute,,,,,,,,,,,,,,,,,,,,,,,,,,,,,,,,,,,EVAg,Information_Sharing,,,,,,,,,,,,,,,,,,,,,,,,,,,,,,,,,,,,,,,,,,,,,,,,,,,,,,,,,,
Center for Molecular Diagnostics and Therapy,,,,,,,,,,,,,,,,,,,,,,,,,,,,,,,,,,,EVAg,Information_Sharing,,,,,,,,,,,,,,,,,,,,,,,,,,,,,,,,,,,,,,,,,,,,,,,,,,,,,,,,,,
GHESKIO Centre,,,,,,,,,,,,,,,,,,,,,,,,,,,,,,,,,,,EVAg,Information_Sharing,,,,,,,,,,,,,,,,,,,,,,,,,,,,,,,,,,,,,,,,,,,,,,,,,,,,,,,,,,
Jordan University of Science and Technology,,,,,,,,,,,,,,,,,,,,,,,,,,,,,,,,,,,EVAg,Information_Sharing,,,,,,,,,,,,,,,,,,,,,,,,,,,,,,,,,,,,,,,,,,,,,,,,,,,,,,,,,,
Hellenic Pasteur Institute,,,,,,,,,,,,,,,,,,,,,,,,,,,,,,,,,,,EVAg,Information_Sharing,,,,,,,,,,,,,,,,,,,,,,,,,,,,,,,,,,,,,,,,,,,,,,,,,,,,,,,,,,
Centre Pasteur Cameroon,,,,,,,,,,,,,,,,,,,,,,,,,,,,,,,,,,,EVAg,Information_Sharing,,,,,,,,,,,,,,,,,,,,,,,,,,,,,,,,,,,,,,,,,,,,,,,,,,,,,,,,,,
Istituto Zooprofilattico Sperimentale delle Venezie,,,,,,,,,,,,,,,,,,,,,,,,,,,,,,,,,,,EVAg,Information_Sharing,,,,,,,,,,,,,,,,,,,,,,,,,,,,,,,,,,,,,,,,,,,,,,,,,,,,,,,,,,
Aix-Marseille University,,,,,,,,,,,,,,,,,,,,,,,,,,,,,,,,,,,EVAg,Information_Sharing,,,,,,,,,,,,,,,,,,,ZIKAlliance,Epidemiology,,,,,,,,,,,,,,,,,,,,,,,,,,,,,,,,,,,,,,
University of Basel,,,,,,,,,,,,,,,,,,,,,,,,,,,,,,,,,,,EVAg,Information_Sharing,,,,,,,,,,,,,,,PERISCOPE,Vaccine development,,,,,,,,,,,,,,,,,,,,,,,,,,,,,,,,,,,,,,,,,,
Slovak Academy of Science,,,,,,,,,,,,,,,,,,,,,,,,,,,,,,,,,,,EVAg,Information_Sharing,,,,,,,,,,,,,,,,,,,,,,,,,,,,,,,,,,,,,,,,,,,,,,,,,,,,,,,,,,
Spiez Laboratory,,,,,,,,,,,,,,,,,,,,,,,,,,,,,,,,,,,,,EMLab,Laboratory Methods,,,,,,,,,,,,,,,,,,,,,,,,,,,,,,,,,,,,,,,,,,,,,,,,,,,,,,,,
University of Malaya,,,,,,,,,,,,,,,,,,,,,,,,,,,,,,,,,,,,,,,Zika Task Force,Epidemiology,,,,,,,,,,,,,,,,,,,,,,,,,,,,,,,,,,,,,,,,,,,,,,,,,,,,,,
Washington University School of Medicine,,,,,,,,,,,,,,,,,,,,,,,,,,,,,,,,,,,,,,,Zika Task Force,Epidemiology,,,,,,,,,,,,,,,,,,,,,,,,,,,,,,,,,,,,,,,,,,,,,,,,,,,,,,
University of Sao Paulo,,,,,,,,,,,,,,,,,,,,,,,,,,,,,,,,,,,,,,,Zika Task Force,Epidemiology,,,,,,,,,,,,,,,,,ZikaPLAN,Epidemiology,,,,,,,,,,,,,,,,,,,,,,,,,,,,,,,,,ICEMR,Clinical Trials,,
UCSF School of Medicine,,,,,,,,,,,,,,,,,,,,,,,,,,,,,,,,,,,,,,,Zika Task Force,Epidemiology,,,,,,,,,,,,,,,,,,,,,,,,,,,,,,,,,,,,,,,,,,,,,,,,,,,,,,
Centre de Recerca en Sanitat Animal de Catalonia,,,,,,,,,,,,,,,,,,,,,,,,,,,,,,,,,,,,,,,Zika Task Force,Epidemiology,,,,,,,,,,,,,,,,,,,,,,,,,,,,,,,,,,,,,,,,,,,,,,,,,,,,,,
Johns Hopkins Bloomberg School of Public Health,,,,,,,,,,,,,,,,,,,,,,,,,,,,,,,,,,,,,,,Zika Task Force,Epidemiology,Chikungunya Task Force,Epidemiology,,,,,,,,,,,,,,,,,,,,,,,,,,,,,,,,,,,,,,,VMI,Vaccine modelling,,,,,,,,,ICEMR,Clinical Trials,,
US Army Medical Research Institute of Infectious Disease,,,,,,,,,,,,,,,,,,,,,,,,,,,,,,,,,,,,,,,Zika Task Force,Epidemiology,,,,,,,,,,,,,,,,,,,,,,,,,,,,,,,,,,,,,,,,,,,,,,,,,,,,,,
Yale School of Public Health,,,,,,,,,,,,,,,,,,,,,,,,,,,,,,,,,,,,,,,Zika Task Force,Epidemiology,,,,,,,,,,,,,,,,,,,,,,,,,,,,,,,,,,,,,,,,,,,,,,,,,,,,,,
University of Glasgow,,,,,,,,,,,,,,,,,,,,,,,,,,,,,,,,,,,,,,,Zika Task Force,Epidemiology,,,,,,,,,,,,,,,,,ZikaPLAN,Epidemiology,,,,,,,,,,,,,,,,,,,,,,,,,,,,,,,,,,,,
Institut de Recherche pour le Développement,,,,,,,,,,,,,,,,,,,,,,,,,,,,,,,,,,,,,,,Zika Task Force,Epidemiology,,,,,,,,,,,,,,,,,,,,,,,,,,,,,,,,,,,,,,,,,VMI,Vaccine modelling,,,,,,,,,,,,
Curtin University,,,,,,,,,,,,,,,,,,,,,,,,,,,,,,,,,,,,,,,Zika Task Force,Epidemiology,,,,,,,,,,,,,,,,,,,,,,,,,,,,,,,,,,,,,,,,,,,,,,,,,,,,,,
University of Wisconsin,,,,,,,,,,,,,,,,,,,,,,,,,,,,,,,,,,,,,,,Zika Task Force,Epidemiology,,,,,,,,,,,,,,,,,,,,,,,,,,,,,,,,,,,,,,,,,,,,,,,,,,,,,,
Institut Pasteur de Dakar,,,,,,,,,,,,,,,,,,,,,,,,,,,,,,,,,,,,,,,Zika Task Force,Epidemiology,,,,,,,,,,,,,,,,,ZikaPLAN,Epidemiology,,,,,,,,,,,,,,,,,,,,,,,,,,,,,,,,,,,,
Peter Doherty Institute for Infection_and Immunity,,,,,,,,,,,,,,,,,,,,,,,,,,,,,,,,,,,,,,,Zika Task Force,Epidemiology,,,,,,,,,,,,,,,,,,,,,,,,,,,,,,,,,,,,,,,,,,,,,,,,,,,,,,
Emory School of Medicine,,,,,,,,,,,,,,,,,,,,,,,,,,,,,,,,,,,,,,,Zika Task Force,Epidemiology,,,,,,,,,,,,,,,,,,,,,,,,,,,RECOLZIKA,Epidemiology,,,,,,,,,,,,,,,,,,,,,,,,,Team B,Information_Sharing
University of Miami,,,,,,,,,,,,,,,,,,,,,,,,,,,,,,,,,,,,,,,Zika Task Force,Epidemiology,,,,,,,,,,,,,,,,,,,,,,,,,,,,,,,,,,,,,,,,,,,,,,,,,,,,,,
Colorado St. University,,,,,,,,,,,,,,,,,,,,,,,,,,,,,,,,,,,,,,,,,Chikungunya Task Force,Epidemiology,,,,,,,,,,,,,,,,,,,,,,,,,,,,,,,,,,,,,,,,,,,,,,,,,,,,
Vanderbilt University,,,,,,,,,,,,,,,,,,,,,,,,,,,,,,,,,,,,,,,,,Chikungunya Task Force,Epidemiology,,,,,,,,,,,,,,,,,,,,,,,,,,,,,,,,,,,,,,,,,,,,,,,,,,,,
University of Pittsburgh,,,,,,,,,,,,,,,,,,,,,,,,,,,,,,,,,,,,,,,,,Chikungunya Task Force,Epidemiology,,,,,,,,,,,,,,,,,,,,,,,,,,,,,,,,,,,,,,,VMI,Vaccine modelling,,,,,,,,,,,,
Karolinska Institut,,,,,,,,,,,,,,,,,,,,,,,,,,,,,,,,,,,,,,,,,Chikungunya Task Force,Epidemiology,,,,,,,,,,,,,,,,,,,,,IDDO,Information_Sharing,,,,,,,,,,,,,,,,,,,,,,,,,,,,,,
Mount Sinai Hospital,,,,,,,,,,,,,,,,,,,,,,,,,,,,,,,,,,,,,,,,,Chikungunya Task Force,Epidemiology,,,,,,,,,,,,,,,,,,,,,,,,,,,,,,,,,,,,,,,,,,,,,,,,,,,,
St Georges' University of Grenada,,,,,,,,,,,,,,,,,,,,,,,,,,,,,,,,,,,,,,,,,Chikungunya Task Force,Epidemiology,,,,,,,,,,,,,,,,,,,,,,,,,,,,,,,,,,,,,,,,,,,,,,,,,,,,
University of Tartu,,,,,,,,,,,,,,,,,,,,,,,,,,,,,,,,,,,,,,,,,Chikungunya Task Force,Epidemiology,,,,,,,,,,,,,,,,,,,,,,,,,,,,,,,,,,,,,,,,,,,,,,,,,,,,
AFRIMS,,,,,,,,,,,,,,,,,,,,,,,,,,,,,,,,,,,,,,,,,Chikungunya Task Force,Epidemiology,,,,,,,,,,,,,,,,,,,,,,,,,,,,,,,,,,,,,,,,,,,,,,,,,,,,
African Society of Human Genetics,,,,,,,,,,,,,,,,,,,,,,,,,,,,,,,,,,,,,,,,,,,H3Africa,Capacity Building,,,,,,,,,,,,,,,,,,,,,,,,,,,,,,,,,,,,,,,,,,,,,,,,,,
University of Cape Town,,,,,,,,,,,,,,,,,,,,,,,,,,,,,,,,,,,,,,,,,,,H3Africa,Capacity Building,,,,,,,,,,,,,,,,,,,,,,,,,,,,,,,,,,,,,,,,,,,,,,,,,,
University of British Columbia,,,,,,,,,,,,,,,,,,,,,,,,,,,,,,,,,,,,,,,,,,,H3Africa,Capacity Building,,,,,,,,,,,,,,,,,,,,,,,,,,,,,,,,,,,,,,,,,,,,,,,,,,
Kenya Agricultural Research Institute,,,,,,,,,,,,,,,,,,,,,,,,,,,,,,,,,,,,,,,,,,,H3Africa,Capacity Building,,,,,,,,,,,,,,,,,,,,,,,,,,,,,,,,,,,,,,,,,,,,,,,,,,
University of Khartoum,,,,,,,,,,,,,,,,,,,,,,,,,,,,,,,,,,,,,,,,,,,H3Africa,Capacity Building,,,,,,,,,,,,,,,,,,,,,,,,,,,,,,,,,,,,,,,,,AfriCoLeish,Drug Development,,,,,,,,
Institut Pasteur de Tunis,,,,,,,,,,,,,,,,,,,,,,,,,,,,,,,,,,,,,,,,,,,H3Africa,Capacity Building,,,,,,,,,,,,,,,,,,,,,,,,,,,,,,,,,,,,,,,,,,,,,,,,,,
Université de Yaoundé,,,,,,,,,,,,,,,,,,,,,,,,,,,,,,,,,,,,,,,,,,,H3Africa,Capacity Building,,,,,,,,,,,,,,,,,,,,,,,,,,,,,,,,,,,,,,,,,,,,,,,,,,
Institute of Human Virology Nigeria,,,,,,,,,,,,,,,,,,,,,,,,,,,,,,,,,,,,,,,,,,,H3Africa,Capacity Building,,,,,,,,,,,,,,,,,,,,,,,,,,,,,,,,,,,,,,,,,,,,,,,,,,
University of Ilorin,,,,,,,,,,,,,,,,,,,,,,,,,,,,,,,,,,,,,,,,,,,H3Africa,Capacity Building,,,,,,,,,,,,,,,,,,,,,,,,,,,,,,,,,,,,,,,,,,,,,,,,,,
University of the Witwatersrand,,,,,,,,,,,,,,,,,,,,,,,,,,,,,,,,,,,,,,,,,,,H3Africa,Capacity Building,,,,,,,,,,,,,,,,,,,,,,,,,,,,,,,,,,,,,,,,,,,,,,,,,,
Duke University,,,,,,,,,,,,,,,,,,,,,,,,,,,,,,,,,,,,,,,,,,,H3Africa,Capacity Building,,,,,,,,,,,,,,,,,,,,,,,,,,,,,,,,,,,,,,,,,,,,,,,,,,
University of Chicago,,,,,,,,,,,,,,,,,,,,,,,,,,,,,,,,,,,,,,,,,,,H3Africa,Capacity Building,,,,,,,,,,,,,,,,,,,,,,,,,,,,,,,,,,,,,,,,,,,,,,,,,,
Harvard School of Public Health,,,,,,,,,,,,,,,,,,,,,,,,,,,,,,,,,,,,,,,,,,,H3Africa,Capacity Building,,,,,,,,,,,,,,,,,,,,,,,,,,,,,,,,,,,,,,,,,,,,,,,ICEMR,Clinical Trials,Team B,Information_Sharing
Sussex Medical School,,,,,,,,,,,,,,,,,,,,,,,,,,,,,,,,,,,,,,,,,,,H3Africa,Capacity Building,,,,,,,,,,,,,,,,,,,,,,,,,,,,,,,,,,,,,,,,,,,,,,,,,,
"Instituto Nacional de Saúde Pública, Ministério da Saúde de Cabo Verde",,,,,,,,,,,,,,,,,,,,,,,,,,,,,,,,,,,,,,,,,,,,,PDNA,Epidemiology,,,,,,,,,,,,,,,,,,,,,,,,,,,,,,,,,,,,,,,,,,,,,,,,
"MRC Unit, The Gambia",,,,,,,,,,,,,,,,,,,,,,,,,,,,,,,,,,,,,,,,,,,,,PDNA,Epidemiology,,,,,PERISCOPE,Vaccine development,,,,,,,,,,,,,,,,,,,,,ARCTEC,Laboratory Methods,,,,,,,,,,,,,,,,,,,Team B,Information_Sharing
Navrongo Health Research Centre,,,,,,,,,,,,,,,,,,,,,,,,,,,,,,,,,,,,,,,,,,,,,PDNA,Epidemiology,,,,,,,,,,,,,,,,,,,,,,,,,,,,,,,,,,,,,,,,,,,,,,,,
Malaria Research and Control Center,,,,,,,,,,,,,,,,,,,,,,,,,,,,,,,,,,,,,,,,,,,,,PDNA,Epidemiology,,,,,,,,,,,,,,,,,,,,,,,,,,,,,,,,,,,,,,,,,,,,,,,,
Noguchi Memorial Institute for Medical Research,,,,,,,,,,,,,,,,,,,,,,,,,,,,,,,,,,,,,,,,,,,,,PDNA,Epidemiology,,,,,,,,,,,,,,,,,,,,,,,,,,,,,,,,,,,,,,,,,,,,,,,,
University of Buea,,,,,,,,,,,,,,,,,,,,,,,,,,,,,,,,,,,,,,,,,,,,,PDNA,Epidemiology,,,,,,,,,,,,,,,,,,,,,,,,,,,,,,,,,,,,,,,,,,,,,,,,
"Université des Sciences de la Santé, Gabon",,,,,,,,,,,,,,,,,,,,,,,,,,,,,,,,,,,,,,,,,,,,,PDNA,Epidemiology,,,,,,,,,,,,,,,,,,,,,,,,,,,,,,,,,,,,,,,,,,,,,,,,
"Institut National de Recherche Biomédicale, Democratic Republic of the Congo",,,,,,,,,,,,,,,,,,,,,,,,,,,,,,,,,,,,,,,,,,,,,PDNA,Epidemiology,,,,,,,,,,,,,,,,,IDDO,Information_Sharing,,,,,,,,,,,,,,,,,,,,,,,,,,,,,,
Katyavala Bwila University,,,,,,,,,,,,,,,,,,,,,,,,,,,,,,,,,,,,,,,,,,,,,PDNA,Epidemiology,,,,,,,,,,,,,,,,,,,,,,,,,,,,,,,,,,,,,,,,,,,,,,,,
Addis Ababa University,,,,,,,,,,,,,,,,,,,,,,,,,,,,,,,,,,,,,,,,,,,,,PDNA,Epidemiology,,,,,,,,,,,,,,,,,,,,,,,,,,,,,,,,,,,,,,,,,,,,,,,,
"US Army Medical Research Unit, Kenya",,,,,,,,,,,,,,,,,,,,,,,,,,,,,,,,,,,,,,,,,,,,,PDNA,Epidemiology,,,,,,,,,,,,,,,,,,,,,,,,,,,,,,,,,,,,,,,,,,,,,,,,
Barcelona Center for International Health Research,,,,,,,,,,,,,,,,,,,,,,,,,,,,,,,,,,,,,,,,,,,,,PDNA,Epidemiology,,,,,,,,,,,,,,,,,,,,,,,,,,,,,,,,,,,,,,,,,,,,,,,,
"National Institute for Medical Research, Tanzania",,,,,,,,,,,,,,,,,,,,,,,,,,,,,,,,,,,,,,,,,,,,,PDNA,Epidemiology,THRiVE,Capacity Building,,,,,,,,,,,,,,,,,,,,,,,,,,,,,,,,,,,,,,,,,,,,,,
Gulu University,,,,,,,,,,,,,,,,,,,,,,,,,,,,,,,,,,,,,,,,,,,,,,,THRiVE,Capacity Building,,,,,,,,,,,,,,,,,,,,,,,,,,,,,,,,,,,,,,,,,,,,,,
International Centre of Insect Physiology and Ecology,,,,,,,,,,,,,,,,,,,,,,,,,,,,,,,,,,,,,,,,,,,,,,,THRiVE,Capacity Building,,,,,,,,,,,,,,,,,,,,,,,,,,,,,,,,,,,,,,,,,,,,,,
University of Rwanda,,,,,,,,,,,,,,,,,,,,,,,,,,,,,,,,,,,,,,,,,,,,,,,THRiVE,Capacity Building,,,,,,,,,,,,,,,,,,,,,,,,,,,,,,,,,,,,,,,,,,,,,,
Radboud University Medical Center,,,,,,,,,,,,,,,,,,,,,,,,,,,,,,,,,,,,,,,,,,,,,,,,,,,PERISCOPE,Vaccine development,,,,,,,,,,,,,,,,,,,,,,,,,,,,,,,,,,,,,,,,,,
University of Turku,,,,,,,,,,,,,,,,,,,,,,,,,,,,,,,,,,,,,,,,,,,,,,,,,,,PERISCOPE,Vaccine development,,,,,,,,,,,,,,,,,,,,,,,,,,,,,,,,,,,,,,,,,,
Commissariat à l'Energie Atomique,,,,,,,,,,,,,,,,,,,,,,,,,,,,,,,,,,,,,,,,,,,,,,,,,,,PERISCOPE,Vaccine development,,,ZIKAlliance,Epidemiology,,,,,,,,,ZIKAVAX,Vaccine development,,,,,,,,,,,,,,,,,,,,,,,,,,,,
University of Salamanca,,,,,,,,,,,,,,,,,,,,,,,,,,,,,,,,,,,,,,,,,,,,,,,,,,,PERISCOPE,Vaccine development,,,,,,,,,,,,,,,,,,,,,,,,,,,,,,,,,,,,,,,,,,
Université Libre de Bruxelles,,,,,,,,,,,,,,,,,,,,,,,,,,,,,,,,,,,,,,,,,,,,,,,,,,,PERISCOPE,Vaccine development,,,,,,,,,,,,,,,,,,,,,,,,,,,,,,,,,,,,,,,,,,
University of Southampton,,,,,,,,,,,,,,,,,,,,,,,,,,,,,,,,,,,,,,,,,,,,,,,,,,,PERISCOPE,Vaccine development,,,,,,,,,,,,,,,,,,,,,,,,,,,,,,,,,,,,,,,,,,
Q-Biologicals,,,,,,,,,,,,,,,,,,,,,,,,,,,,,,,,,,,,,,,,,,,,,,,,,,,PERISCOPE,Vaccine development,,,,,,,,,,,,,,,,,,,,,,,,,,,,,,,,,,,,,,,,,,
Sanofi Pasteur,,,,,,,,,,,,,,,,,,,,,,,,,,,,,,,,,,,,,,,,,,,,,,,,,,,PERISCOPE,Vaccine development,,,,,,,,,,,,,,,,,,,,,,,,,,,,,,,,,,,,,,,,,,
GSK,,,,,,,,,,,,,,,,,,,,,,,,,,,,,,,,,,,,,,,,,,,,,,,,,,,PERISCOPE,Vaccine development,,,,,,,,,,,,,,,,,DiViNe,Vaccine Development,,,,,,,,,,,,,,,,,PULSE,Training,,,,,,
EFPIA,,,,,,,,,,,,,,,,,,,,,,,,,,,,,,,,,,,,,,,,,,,,,,,,,,,PERISCOPE,Vaccine development,,,,,,,,,,,,,,,,,,,,,,,,,,,EBOVAC,Clinical Trials,,,,,,,,,,,,,,
Technical University of Denmark,,,,,,,,,,,,,,,,,,,,,,,,,,,,,,,,,,,,,,,,,,,,,,,,,,,,,COMPARE,Information_Sharing,,,,,,,,,,,,,,,,,,,,,,,,,,,,,,,,,,,,,,,,
ANSES France,,,,,,,,,,,,,,,,,,,,,,,,,,,,,,,,,,,,,,,,,,,,,,,,,,,,,COMPARE,Information_Sharing,,,,,,,,,,,,,,,,,,,,,,,,,,,,,,,,,,,,,,,,
European Molecular Biology Laboratory,,,,,,,,,,,,,,,,,,,,,,,,,,,,,,,,,,,,,,,,,,,,,,,,,,,,,COMPARE,Information_Sharing,,,,,,,,,,,,,,,,,,,,,,,,,,,,,,,,,,,,,,,,
National Institute for Public Health of Holland,,,,,,,,,,,,,,,,,,,,,,,,,,,,,,,,,,,,,,,,,,,,,,,,,,,,,COMPARE,Information_Sharing,,,,,CONSISE,Information_Sharing,,,,,,,,,,,,,,,,,CDPRG,Clinical Trials,,,,,,,,,,,,,,,,
Animal & Plant Health Agency,,,,,,,,,,,,,,,,,,,,,,,,,,,,,,,,,,,,,,,,,,,,,,,,,,,,,COMPARE,Information_Sharing,,,,,,,,,,,,,,,,,,,,,,,,,,,,,,,,,,,,,,,,
University of Veterinary Medicine of Hannover,,,,,,,,,,,,,,,,,,,,,,,,,,,,,,,,,,,,,,,,,,,,,,,,,,,,,COMPARE,Information_Sharing,,,,,,,,,,,,,,,,,,,,,,,,,,,,,,,,,,,,,,,,
Unversidad de Castilla,,,,,,,,,,,,,,,,,,,,,,,,,,,,,,,,,,,,,,,,,,,,,,,,,,,,,COMPARE,Information_Sharing,,,,,,,,,,,,,,,,,,,,,,,,,,,,,,,,,,,,,,,,
IFREMER,,,,,,,,,,,,,,,,,,,,,,,,,,,,,,,,,,,,,,,,,,,,,,,,,,,,,COMPARE,Information_Sharing,,,,,,,,,,,,,,,,,,,,,,,,,,,,,,,,,,,,,,,,
Wigner Research Centre for Physics,,,,,,,,,,,,,,,,,,,,,,,,,,,,,,,,,,,,,,,,,,,,,,,,,,,,,COMPARE,Information_Sharing,,,,,,,,,,,,,,,,,,,,,,,,,,,,,,,,,,,,,,,,
Civic Consulting ,,,,,,,,,,,,,,,,,,,,,,,,,,,,,,,,,,,,,,,,,,,,,,,,,,,,,COMPARE,Information_Sharing,,,,,,,,,,,,,,,,,,,,,,,,,,,,,,,,,,,,,,,,
Responsible Technology,,,,,,,,,,,,,,,,,,,,,,,,,,,,,,,,,,,,,,,,,,,,,,,,,,,,,COMPARE,Information_Sharing,,,,,,,,,,,,,,,,,,,,,,,,,,,,,,,,,,,,,,,,
University of Bologna,,,,,,,,,,,,,,,,,,,,,,,,,,,,,,,,,,,,,,,,,,,,,,,,,,,,,COMPARE,Information_Sharing,,,,,,,,,,,,,,,,,,,,,,,,,,,,,,,,,,,,,,,,
Leibniz Institute,,,,,,,,,,,,,,,,,,,,,,,,,,,,,,,,,,,,,,,,,,,,,,,,,,,,,COMPARE,Information_Sharing,,,,,,,,,,,,,,,,,,,,,,,,,,,,,,,,,,,,,,,,
Sanger Institute,,,,,,,,,,,,,,,,,,,,,,,,,,,,,,,,,,,,,,,,,,,,,,,,,,,,,COMPARE,Information_Sharing,,,,,,,,,,,,,,,,,,,,,,,,,,,,,,,,,,,,,,,,
University della Svizzera italiana,,,,,,,,,,,,,,,,,,,,,,,,,,,,,,,,,,,,,,,,,,,,,,,,,,,,,,,ZIKAlliance,Epidemiology,,,,,,,,,,,,,,,,,,,,,,,,,,,,,,,,,,,,,,
University of Heidelberg,,,,,,,,,,,,,,,,,,,,,,,,,,,,,,,,,,,,,,,,,,,,,,,,,,,,,,,ZIKAlliance,Epidemiology,,,,,,,,,,,,,,,,,,,,,,,,,,,,,,,,,,,,,,
University of Leuven,,,,,,,,,,,,,,,,,,,,,,,,,,,,,,,,,,,,,,,,,,,,,,,,,,,,,,,ZIKAlliance,Epidemiology,ZikaPLAN,Epidemiology,,,,,,,,,,,,,,,,,,,,,,,,,,,,,,,,,,,,
University of Lyon,,,,,,,,,,,,,,,,,,,,,,,,,,,,,,,,,,,,,,,,,,,,,,,,,,,,,,,ZIKAlliance,Epidemiology,,,,,,,,,,,,,,,,,,,,,,,,,,,,,,,,,,,,,,
University of Rennes,,,,,,,,,,,,,,,,,,,,,,,,,,,,,,,,,,,,,,,,,,,,,,,,,,,,,,,ZIKAlliance,Epidemiology,,,,,,,,,,,,,,,,,,,,,,,,,,,,,,,,,,,,,,
Institut Louis Malarde Papeete,,,,,,,,,,,,,,,,,,,,,,,,,,,,,,,,,,,,,,,,,,,,,,,,,,,,,,,ZIKAlliance,Epidemiology,,,,,,,,,,,RECOLZIKA,Epidemiology,,,,,,,,,,,,,,,,,,,,,,,,,,
Fundação Bahiana de Infectologia,,,,,,,,,,,,,,,,,,,,,,,,,,,,,,,,,,,,,,,,,,,,,,,,,,,,,,,ZIKAlliance,Epidemiology,,,,,,,,,,,,,,,,,,,,,,,,,,,,,,,,,,,,,,
University of Umea,,,,,,,,,,,,,,,,,,,,,,,,,,,,,,,,,,,,,,,,,,,,,,,,,,,,,,,,,ZikaPLAN,Epidemiology,,,,,,,,,,,,,,,,,,,,,,,,,,,,,,,,,,,,
Queen Mary University of London,,,,,,,,,,,,,,,,,,,,,,,,,,,,,,,,,,,,,,,,,,,,,,,,,,,,,,,,,ZikaPLAN,Epidemiology,,,,,,,,,,,,,,,,,,,,,,,,,,,,,,,,,,,,
Fundacion Universidad del Norte,,,,,,,,,,,,,,,,,,,,,,,,,,,,,,,,,,,,,,,,,,,,,,,,,,,,,,,,,ZikaPLAN,Epidemiology,,,,,,,,,,,,,,,,,,,,,,,,,,,,,,,,,,,,
Universidad del Valle,,,,,,,,,,,,,,,,,,,,,,,,,,,,,,,,,,,,,,,,,,,,,,,,,,,,,,,,,ZikaPLAN,Epidemiology,,,,,,,,,,,,,,,,,,,,,,,,,,,,,,,GDDP,Laboratory Methods,,,,
University of Liverpool,,,,,,,,,,,,,,,,,,,,,,,,,,,,,,,,,,,,,,,,,,,,,,,,,,,,,,,,,ZikaPLAN,Epidemiology,,,,,,,,,,,,,,,,,,,,,,,,,,,,,,,,,,,,
University of North Carolina at Chapel Hill,,,,,,,,,,,,,,,,,,,,,,,,,,,,,,,,,,,,,,,,,,,,,,,,,,,,,,,,,ZikaPLAN,Epidemiology,,,,,,,,,,,,,,,,,,,,,,,,,,,,,,,,,,,,
La Jolla Institute for Allergy and Immunology,,,,,,,,,,,,,,,,,,,,,,,,,,,,,,,,,,,,,,,,,,,,,,,,,,,,,,,,,ZikaPLAN,Epidemiology,,,,,,,,,,,,,,,,,,,,,,,,,,,,,,,,,,,,
Prins Leopold Instituut voor Tropische Geneeskunde,,,,,,,,,,,,,,,,,,,,,,,,,,,,,,,,,,,,,,,,,,,,,,,,,,,,,,,,,ZikaPLAN,Epidemiology,,,,,,,,,,,,,,,,,,,,,,,,,,,,,,,,,,,,
Associacao Technica-Cientifica Estudo Collaborativo Latino Americano de Malformacoes Congenitas,,,,,,,,,,,,,,,,,,,,,,,,,,,,,,,,,,,,,,,,,,,,,,,,,,,,,,,,,ZikaPLAN,Epidemiology,,,,,,,,,,,,,,,,,,,,,,,,,,,,,,,,,,,,
Instituto de Medicina Tropical Pedro Kouri,,,,,,,,,,,,,,,,,,,,,,,,,,,,,,,,,,,,,,,,,,,,,,,,,,,,,,,,,ZikaPLAN,Epidemiology,,,,,,,,,,,,,,,,,,,,,,,,,,,,,,,,,,,,
International Vaccine Institute,,,,,,,,,,,,,,,,,,,,,,,,,,,,,,,,,,,,,,,,,,,,,,,,,,,,,,,,,ZikaPLAN,Epidemiology,,,,,,,,,,,,,,,,,,,,,,,,,,,,,,,,,,,,
Fundacao Universidade de Pernambuco,,,,,,,,,,,,,,,,,,,,,,,,,,,,,,,,,,,,,,,,,,,,,,,,,,,,,,,,,ZikaPLAN,Epidemiology,,,MERG,Epidemiology,,,,,,,,,,,,,,,,,,,,,,,,,,,,,,,,
European Centres for Disease Control,,,,,,,,,,,,,,,,,,,,,,,,,,,,,,,,,,,,,,,,,,,,,,,,,,,,,,,,,,,CONSISE,Information_Sharing,,,,,,,,,,,,,,,,,,,,,,,,,,,,,,,,,,
NIBSC,,,,,,,,,,,,,,,,,,,,,,,,,,,,,,,,,,,,,,,,,,,,,,,,,,,,,,,,,,,CONSISE,Information_Sharing,,,,,,,,,,,,,,,,,,,,,,,,,,,,,,,,,,
US Food and Drug Administration,,,,,,,,,,,,,,,,,,,,,,,,,,,,,,,,,,,,,,,,,,,,,,,,,,,,,,,,,,,CONSISE,Information_Sharing,,,,,,,,,,,,,,,,,,,,,,,,,,,,,,,,,,
Centre for Reference and Research on Influenza,,,,,,,,,,,,,,,,,,,,,,,,,,,,,,,,,,,,,,,,,,,,,,,,,,,,,,,,,,,CONSISE,Information_Sharing,,,,,,,,,,,,,,,,,,,,,,,,,,,,,,,,,,
"Ministry of Health, Brazil",,,,,,,,,,,,,,,,,,,,,,,,,,,,,,,,,,,,,,,,,,,,,,,,,,,,,,,,,,,,,MERG,Epidemiology,,,,,,,,,,,,,,,,,,,,,,,,,,,,,,,,
Fernando Figueira Integral Medicine Institute,,,,,,,,,,,,,,,,,,,,,,,,,,,,,,,,,,,,,,,,,,,,,,,,,,,,,,,,,,,,,MERG,Epidemiology,,,,,,,,,,,,,,,,,,,,,,,,,,,,,,,,
University of California,,,,,,,,,,,,,,,,,,,,,,,,,,,,,,,,,,,,,,,,,,,,,,,,,,,,,,,,,,,,,,,IDDO,Information_Sharing,,,,,,,,,,,,,,,,,,,,,,,,,,,,,,
Drugs for Neglected Diseases initiative,,,,,,,,,,,,,,,,,,,,,,,,,,,,,,,,,,,,,,,,,,,,,,,,,,,,,,,,,,,,,,,IDDO,Information_Sharing,,,,,,,,,,,,,,,,,,,FACT,Drug Development,AfriCoLeish,Drug Development,,,,,,,,
European Vaccine Initiative,,,,,,,,,,,,,,,,,,,,,,,,,,,,,,,,,,,,,,,,,,,,,,,,,,,,,,,,,,,,,,,,,ZIKAVAX,Vaccine development,,,,,,,,,,,,,,,,,,,,,,,,,,,,
Themis Bioscience,,,,,,,,,,,,,,,,,,,,,,,,,,,,,,,,,,,,,,,,,,,,,,,,,,,,,,,,,,,,,,,,,ZIKAVAX,Vaccine development,,,,,,,,,,,,,,,,,,,,,,,,,,,,
Colciencias,,,,,,,,,,,,,,,,,,,,,,,,,,,,,,,,,,,,,,,,,,,,,,,,,,,,,,,,,,,,,,,,,,,RECOLZIKA,Epidemiology,,,,,,,,,,,,,,,,,,,,,,,,,,
University of Zurich,,,,,,,,,,,,,,,,,,,,,,,,,,,,,,,,,,,,,,,,,,,,,,,,,,,,,,,,,,,,,,,,,,,RECOLZIKA,Epidemiology,,,,,,,,,,,,,,,,,,,,,,,,,,
University of Tokyo,,,,,,,,,,,,,,,,,,,,,,,,,,,,,,,,,,,,,,,,,,,,,,,,,,,,,,,,,,,,,,,,,,,RECOLZIKA,Epidemiology,,,,,,,,,,,,,,,,,,,,,,,,,,
University of Alcala,,,,,,,,,,,,,,,,,,,,,,,,,,,,,,,,,,,,,,,,,,,,,,,,,,,,,,,,,,,,,,,,,,,RECOLZIKA,Epidemiology,,,,,,,,,,,,,,,,,,,,,,,,,,
University of Duisburg-Essen,,,,,,,,,,,,,,,,,,,,,,,,,,,,,,,,,,,,,,,,,,,,,,,,,,,,,,,,,,,,,,,,,,,RECOLZIKA,Epidemiology,,,,,,,,,,,,,,,,,,,,,,,,,,
University of Amsterdam,,,,,,,,,,,,,,,,,,,,,,,,,,,,,,,,,,,,,,,,,,,,,,,,,,,,,,,,,,,,,,,,,,,RECOLZIKA,Epidemiology,,,,,,,,,,,,,,,,,,,,,,,,,,
University of Leeds,,,,,,,,,,,,,,,,,,,,,,,,,,,,,,,,,,,,,,,,,,,,,,,,,,,,,,,,,,,,,,,,,,,,,,,COMDIS,Capacity Building,,,,,,,,,,,,,,,,,,,,,,
ARK Foundation,,,,,,,,,,,,,,,,,,,,,,,,,,,,,,,,,,,,,,,,,,,,,,,,,,,,,,,,,,,,,,,,,,,,,,,COMDIS,Capacity Building,,,,,,,,,,,,,,,,,,,,,,
"Global Health Research and Development, China",,,,,,,,,,,,,,,,,,,,,,,,,,,,,,,,,,,,,,,,,,,,,,,,,,,,,,,,,,,,,,,,,,,,,,,COMDIS,Capacity Building,,,,,,,,,,,,,,,,,,,,,,
"Centre for Global Health Research, Ghana",,,,,,,,,,,,,,,,,,,,,,,,,,,,,,,,,,,,,,,,,,,,,,,,,,,,,,,,,,,,,,,,,,,,,,,COMDIS,Capacity Building,,,,,,,,,,,,,,,,,,,,,,
Health Research and Social Development Forum,,,,,,,,,,,,,,,,,,,,,,,,,,,,,,,,,,,,,,,,,,,,,,,,,,,,,,,,,,,,,,,,,,,,,,,COMDIS,Capacity Building,,,,,,,,,,,,,,,,,,,,,,
ICIPE Kenya,,,,,,,,,,,,,,,,,,,,,,,,,,,,,,,,,,,,,,,,,,,,,,,,,,,,,,,,,,,,,,,,,,,,,,,,,ARCTEC,Laboratory Methods,,,,,,,,,,,,,,,,,,,,
Minsitry of Health of Thailand,,,,,,,,,,,,,,,,,,,,,,,,,,,SEAICRN,Capacity Building,,,,,,,,,,,,,,,,,,,,,,,,,,,,,,,,,,,,,,,,,,,,,,,APEIR,Clinical Trials,CDPRG,Clinical Trials,,,,,,,,,,,GDDP,Laboratory Methods,,,,
Ministry of Health of Cambodia,,,,,,,,,,,,,,,,,,,,,,,,,,,,,,,,,,,,,,,,,,,,,,,,,,,,,,,,,,,,,,,,,,,,,,,,,,,APEIR,Clinical Trials,CDPRG,Clinical Trials,,,,,,,,,,,,,,,,
China CDC,,,,,,,,,,,,,,,,,,,,,,,,,,,,,,,,,,,,,,,,,,,,,,,,,,,,,,,,,,,,,,,,,,,,,,,,,,,APEIR,Clinical Trials,,,,,,,,,,,,,GDDP,Laboratory Methods,,,,
Chinese Academy of Science,,,,,,,,,,,,,,,,,,,,,,,,,,,,,,,,,,,,,,,,,,,,,,,,,,,,,,,,,,,,,,,,,,,,,,,,,,,APEIR,Clinical Trials,,,,,,,,,,,,,,,,,,
University of Indonesia,,,,,,,,,,,,,,,,,,,,,,,,,,,,,,,,,,,,,,,,,,,,,,,,,,,,,,,,,,,,,,,,,,,,,,,,,,,APEIR,Clinical Trials,CDPRG,Clinical Trials,,,,,,,,,,,,,,,,
Minsitry of Health of Laos,,,,,,,,,,,,,,,,,,,,,,,,,,,,,,,,,,,,,,,,,,,,,,,,,,,,,,,,,,,,,,,,,,,,,,,,,,,APEIR,Clinical Trials,,,,,,,,,,,,,,,,,,
Hanoi Medical University,,,,,,,,,,,,,,,,,,,,,,,,,,,,,,,,,,,,,,,,,,,,,,,,,,,,,,,,,,,,,,,,,,,,,,,,,,,APEIR,Clinical Trials,,,,,,,,,,,,,,,,,,
Ministry of Science and Technology Vietnam,,,,,,,,,,,,,,,,,,,,,,,,,,,SEAICRN,Capacity Building,,,,,,,,,,,,,,,,,,,,,,,,,,,,,,,,,,,,,,,,,,,,,,,APEIR,Clinical Trials,CDPRG,Clinical Trials,,,,,,,,,,,,,,,,
University of Hamburg,,,,,,,,,,,,,,,,,,,,,,,,,,,,,,,,,,,,,,,,,,,,,,,,,,,,,,,,,,,,,,,,,,,,,,,,,,,,,CDPRG,Clinical Trials,,,,,,,,,,,,,,,,
Taiwan CDC,,,,,,,,,,,,,,,,,,,,,,,,,,,,,,,,,,,,,,,,,,,,,,,,,,,,,,,,,,,,,,,,,,,,,,,,,,,,,CDPRG,Clinical Trials,,,,,,,,,,,,,,,,
University of Health Sciences of Laos,,,,,,,,,,,,,,,,,,,,,,,,,,,,,,,,,,,,,,,,,,,,,,,,,,,,,,,,,,,,,,,,,,,,,,,,,,,,,CDPRG,Clinical Trials,,,,,,,,,,,,,,,,
University of Herffordshire,,,,,,,,,,,,,,,,,,,,,,,,,,,,,,,,,,,,,,,,,,,,,,,,,,,,,,,,,,,,,,,,,,,,,,,,,,,,,CDPRG,Clinical Trials,,,,,,,,,,,,,,,,
Technische University Dresden,,,,,,,,,,,,,,,,,,,,,,,,,,,,,,,,,,,,,,,,,,,,,,,,,,,,,,,,,,,,,,,,,,,,,,,,,,,,,CDPRG,Clinical Trials,,,,,,,,,,,,,,,,
University of Toulouse,,,,,,,,,,,,,,,,,,,,,,,,,,,,,,,,,,,,,,,,,,,,,,,,,,,,,,,,,,,,,,,,,,,,,,,,,,,,,CDPRG,Clinical Trials,,,,,,,,,,,,,,,,
University of Lisbon,,,,,,,,,,,,,,,,,,,,,,,,,,,,,,,,,,,,,,,,,,,,,,,,,,,,,,,,,,,,,,,,,,,,,,,,,,,,,CDPRG,Clinical Trials,,,,,,,,,,,,,,,,
Princeton University,,,,,,,,,,,,,,,,,,,,,,,,,,,,,,,,,,,,,,,,,,,,,,,,,,,,,,,,,,,,,,,,,,,,,,,,,,,,,,,,,VMI,Vaccine modelling,,,,,,,,,,,Team B,Information_Sharing
MSF,,,,,,,,,,,,,,,,,,,,,,,,,,,,,,,,,,,,,,,,,,,,,,,,,,,,,,,,,,,,,,,,,,,,,,,,,,,,,,,,,VMI,Vaccine modelling,FACT,Drug Development,AfriCoLeish,Drug Development,,,,,,,Team B,Information_Sharing
PATH,,,,,,,,,,,,,,,,,,,,,,,,,,,,,,,,,,,,,,,,,,,,,,,,,,,,,,,,,,,,,,,,,,,,,,,,,,,,,,,,,VMI,Vaccine modelling,,,,,,,,,,,Team B,Information_Sharing
Pennsylvania State University,,,,,,,,,,,,,,,,,,,,,,,,,,,,,,,,,,,,,,,,,,,,,,,,,,,,,,,,,,,,,,,,,,,,,,,,,,,,,,,,,VMI,Vaccine modelling,,,,,,,,,,,,
Prince of Songkla University,,,,,,,,,,,,,,,,,,,,,,,,,,,,,,,,,,,,,,,,,,,,,,,,,,,,,,,,,,,,,,,,,,,,,,,,,,,,,,,,,VMI,Vaccine modelling,,,,,,,,,,,,
University Sains Malaysia,,,,,,,,,,,,,,,,,,,,,,,,,,,,,,,,,,,,,,,,,,,,,,,,,,,,,,,,,,,,,,,,,,,,,,,,,,,,,,,,,,,FACT,Drug Development,,,,,,,,,,
Cipla Ltd,,,,,,,,,,,,,,,,,,,,,,,,,,,,,,,,,,,,,,,,,,,,,,,,,,,,,,,,,,,,,,,,,,,,,,,,,,,,,,,,,,,FACT,Drug Development,,,,,,,,,,
Shoklo Malaria Resaerch Unit,,,,,,,,,,,,,,,,,,,,,,,,,,,,,,,,,,,,,,,,,,,,,,,,,,,,,,,,,,,,,,,,,,,,,,,,,,,,,,,,,,,FACT,Drug Development,,,,,,,,,,
University of Gondar,,,,,,,,,,,,,,,,,,,,,,,,,,,,,,,,,,,,,,,,,,,,,,,,,,,,,,,,,,,,,,,,,,,,,,,,,,,,,,,,,,,,,AfriCoLeish,Drug Development,,,,,,,,
Save The Children,,,,,,,,,,,,,,,,,,,,,,,,,,,,,,,,,,,,,,,,,,,,,,,,,,,,,,,,,,,,,,,,,,,,,,,,,,,,,,,,,,,,,,,PULSE,Training,,,,,,
"International Centre for Diarrheal Disease Research, Bangladesh",,,,,,,,,,,,,,,,,,,,,,,,,,,,,,,,,,,,,,,,,,,,,,,,,,,,,,,,,,,,,,,,,,,,,,,,,,,,,,,,,,,,,,,,,GDDP,Laboratory Methods,,,Team B,Information_Sharing
NAMRU-3,,,,,,,,,,,,,,,,,,,,,,,,,,,,,,,,,,,,,,,,,,,,,,,,,,,,,,,,,,,,,,,,,,,,,,,,,,,,,,,,,,,,,,,,,GDDP,Laboratory Methods,,,,
Global Disease Detection_Regional Center of Georgia,,,,,,,,,,,,,,,,,,,,,,,,,,,,,,,,,,,,,,,,,,,,,,,,,,,,,,,,,,,,,,,,,,,,,,,,,,,,,,,,,,,,,,,,,GDDP,Laboratory Methods,,,,
India Global Disease Detection_Center,,,,,,,,,,,,,,,,,,,,,,,,,,,,,,,,,,,,,,,,,,,,,,,,,,,,,,,,,,,,,,,,,,,,,,,,,,,,,,,,,,,,,,,,,GDDP,Laboratory Methods,,,,
Global Disease Detection_Regional Center of Kazakhstan,,,,,,,,,,,,,,,,,,,,,,,,,,,,,,,,,,,,,,,,,,,,,,,,,,,,,,,,,,,,,,,,,,,,,,,,,,,,,,,,,,,,,,,,,GDDP,Laboratory Methods,,,,
South African Global Disease Detection_Center,,,,,,,,,,,,,,,,,,,,,,,,,,,,,,,,,,,,,,,,,,,,,,,,,,,,,,,,,,,,,,,,,,,,,,,,,,,,,,,,,,,,,,,,,GDDP,Laboratory Methods,,,,
University of Malawi,,,,,,,,,,,,,,,,,,,,,,,,,,,,,,,,,,,,,,,,,,,,,,,,,,,,,,,,,,,,,,,,,,,,,,,,,,,,,,,,,,,,,,,,,,,ICEMR,Clinical Trials,,
Tropical Diseases Research Centre of Zambia,,,,,,,,,,,,,,,,,,,,,,,,,,,,,,,,,,,,,,,,,,,,,,,,,,,,,,,,,,,,,,,,,,,,,,,,,,,,,,,,,,,,,,,,,,,ICEMR,Clinical Trials,,
Caucaseco Scientific Research Center,,,,,,,,,,,,,,,,,,,,,,,,,,,,,,,,,,,,,,,,,,,,,,,,,,,,,,,,,,,,,,,,,,,,,,,,,,,,,,,,,,,,,,,,,,,ICEMR,Clinical Trials,,
Universidad Peruana Cayetano Heredia,,,,,,,,,,,,,,,,,,,,,,,,,,,,,,,,,,,,,,,,,,,,,,,,,,,,,,,,,,,,,,,,,,,,,,,,,,,,,,,,,,,,,,,,,,,ICEMR,Clinical Trials,,
Papua New Guinea Institute for Medical Research,,,,,,,,,,,,,,,,,,,,,,,,,,,,,,,,,,,,,,,,,,,,,,,,,,,,,,,,,,,,,,,,,,,,,,,,,,,,,,,,,,,,,,,,,,,ICEMR,Clinical Trials,,
Indian National Institute of Malaria Research,,,,,,,,,,,,,,,,,,,,,,,,,,,,,,,,,,,,,,,,,,,,,,,,,,,,,,,,,,,,,,,,,,,,,,,,,,,,,,,,,,,,,,,,,,,ICEMR,Clinical Trials,,
CIDRAP,,,,,,,,,,,,,,,,,,,,,,,,,,,,,,,,,,,,,,,,,,,,,,,,,,,,,,,,,,,,,,,,,,,,,,,,,,,,,,,,,,,,,,,,,,,,,Team B,Information_Sharing
Sabin Institute,,,,,,,,,,,,,,,,,,,,,,,,,,,,,,,,,,,,,,,,,,,,,,,,,,,,,,,,,,,,,,,,,,,,,,,,,,,,,,,,,,,,,,,,,,,,,Team B,Information_Sharing
Biologics Consulting Group,,,,,,,,,,,,,,,,,,,,,,,,,,,,,,,,,,,,,,,,,,,,,,,,,,,,,,,,,,,,,,,,,,,,,,,,,,,,,,,,,,,,,,,,,,,,,Team B,Information_Sharing
University of Health and Allied Sciences,,,,,,,,,,,,,,,,,,,,,,,,,,,,,,,,,,,,,,,,,,,,,,,,,,,,,,,,,,,,,,,,,,,,,,,,,,,,,,,,,,,,,,,,,,,,,Team B,Information_Sharing
Weill Cornell Medical College,,,,,,,,,,,,,,,,,,,,,,,,,,,,,,,,,,,,,,,,,,,,,,,,,,,,,,,,,,,,,,,,,,,,,,,,,,,,,,,,,,,,,,,,,,,,,Team B,Information_Sharing
International AIDS Vaccine Initiative,,,,,,,,,,,,,,,,,,,,,,,,,,,,,,,,,,,,,,,,,,,,,,,,,,,,,,,,,,,,,,,,,,,,,,,,,,,,,,,,,,,,,,,,,,,,,Team B,Information_Sharing
Redeemer's University Mowe,,,,,,,,,,,,,,,,,,,,,,,,,,,,,,,,,,,,,,,,,,,,,,,,,,,,,,,,,,,,,,,,,,,,,,,,,,,,,,,,,,,,,,,,,,,,,Team B,Information_Sharing
Arizona State University,,,,,,,,,,,,,,,,,,,,,,,,,,,,,,,,,,,,,,,,,,,,,,,,,,,,,,,,,,,,,,,,,,,,,,,,,,,,,,,,,,,,,,,,,,,,,Team B,Information_Sharing
Ministry of Health of Nigeria,,,,,,,,,,,,,,,,,,,,,,,,,,,,,,,,,,,,,,,,,,,,,,,,,,,,,,,,,,,,,,,,,,,,,,,,,,,,,,,,,,,,,,,,,,,,,Team B,Information_Sharing
University of Toronto,,,,,,,,,,,,,,,,,,,,,,,,,,,,,,,,,,,,,,,,,,,,,,,,,,,,,,,,,,,,,,,,,,,,,,,,,,,,,,,,,,,,,,,,,,,,,Team B,Information_Sharing
University of Maryland,,,,,,,,,,,,,,,,,,,,,,,,,,,,,,,,,,,,,,,,,,,,,,,,,,,,,,,,,,,,,,,,,,,,,,,,,,,,,,,,,,,,,,,,,,,,,Team B,Information_Sharing
,,,,,,,,,,,,,,,,,,,,,,,,,,,,,,,,,,,,,,,,,,,,,,,,,,,,,,,,,,,,,,,,,,,,,,,,,,,,,,,,,,,,,,,,,,,,,,
,,,,,,,,,,,,,,,,,,,,,,,,,,,,,,,,,,,,,,,,,,,,,,,,,,,,,,,,,,,,,,,,,,,,,,,,,,,,,,,,,,,,,,,,,,,,,,
